F1	F2	F3	F4	F5	F6	F7	F8	F9	F10	F11	F12	F13	F14	F15	F16	F17	F18	F19	F20
22	68	6	3	7	False	['PRON', 'SPACE', 'VERB', 'SPACE', 'PUNCT', 'SPACE', 'PRON', 'SPACE']	False	False	1	False	False	False	True	0	13	False	dobj	False	False
1	42	5	0	6	False	['ABS', 'ABS', 'ABS', 'ABS', 'AUX', 'SPACE', 'ADV', 'SPACE']	False	False	2	False	False	False	True	0	0	False	nsubj	False	False
42	43	2	6	0	False	['NOUN', 'SPACE', 'ADP', 'SPACE', 'PUNCT', 'ABS', 'ABS', 'ABS']	False	False	0	False	False	False	False	0	0	False	pobj	False	False
26	33	2	2	1	False	['VERB', 'SPACE', 'ADP', 'SPACE', 'SPACE', 'ADV', 'SPACE', 'ADP']	False	False	0	False	False	False	False	0	3	False	pobj	False	False
6	7	1	0	0	False	['PART', 'SPACE', 'VERB', 'SPACE', 'PUNCT', 'ABS', 'ABS', 'ABS']	False	False	0	False	False	False	False	0	0	False	dobj	False	False
20	39	4	3	2	False	['AUX', 'SPACE', 'VERB', 'SPACE', 'SPACE', 'DET', 'SPACE', 'ADJ']	False	False	1	False	False	False	False	0	0	False	dobj	False	False
54	63	5	4	1	False	['ADP', 'SPACE', 'ADP', 'SPACE', 'SPACE', 'ADP', 'SPACE', 'ADP']	False	False	0	False	False	False	False	0	1	False	pobj	False	False
1	24	1	0	1	False	['ABS', 'ABS', 'ABS', 'ABS', 'SPACE', 'AUX', 'SPACE', 'NUM']	False	False	2	False	False	False	False	0	5	False	nsubj	False	False
1	41	2	0	5	False	['ABS', 'ABS', 'ABS', 'ABS', 'SPACE', 'VERB', 'SPACE', 'PRON']	False	False	2	False	False	False	True	0	15	False	nsubj	False	False
13	18	1	1	0	False	['PRON', 'SPACE', 'SCONJ', 'SPACE', 'SPACE', 'AUX', 'SPACE', 'ADV']	False	False	0	False	False	False	False	0	0	False	nsubj	False	False
19	20	3	1	0	False	['VERB', 'SPACE', 'ADP', 'SPACE', 'PUNCT', 'ABS', 'ABS', 'ABS']	False	False	0	False	False	False	False	0	0	False	pobj	False	False
25	26	2	3	0	False	['ADJ', 'SPACE', 'ADP', 'SPACE', 'PUNCT', 'ABS', 'ABS', 'ABS']	False	False	0	False	False	False	False	0	0	False	pobj	False	False
12	23	1	0	2	False	['PART', 'SPACE', 'VERB', 'SPACE', 'SPACE', 'ADP', 'SPACE', 'DET']	False	False	0	False	False	False	False	0	1	False	dobj	False	False
3	12	1	0	1	False	['ABS', 'ABS', 'VERB', 'SPACE', 'SPACE', 'ADV', 'SPACE', 'ADP']	False	False	0	False	False	False	False	0	3	False	dobj	False	False
1	26	1	0	3	False	['ABS', 'ABS', 'ABS', 'ABS', 'SPACE', 'VERB', 'SPACE', 'PRON']	False	False	0	False	False	False	False	0	19	False	nsubj	False	False
78	79	6	9	0	False	['PART', 'SPACE', 'VERB', 'SPACE', 'PUNCT', 'ABS', 'ABS', 'ABS']	False	False	0	False	False	False	False	0	0	False	dobj	False	False
19	20	2	1	0	False	['ADJ', 'SPACE', 'ADP', 'SPACE', 'PUNCT', 'ABS', 'ABS', 'ABS']	False	False	0	False	False	False	False	0	0	False	pobj	False	False
27	32	4	3	0	False	['PRON', 'SPACE', 'ADP', 'SPACE', 'SPACE', 'CCONJ', 'SPACE', 'PART']	False	False	0	False	False	False	False	0	0	False	pobj	False	False
5	8	1	1	0	False	['PRON', 'SPACE', 'VERB', 'SPACE', 'SPACE', 'ADV', 'PUNCT', 'ABS']	False	False	0	False	False	False	False	0	0	False	dobj	False	False
4	12	2	0	1	False	['ABS', 'INTJ', 'PUNCT', 'SPACE', 'AUX', 'SPACE', 'DET', 'SPACE']	False	False	1	False	False	False	True	0	0	False	nsubj	False	False
33	42	1	4	1	False	['NOUN', 'SPACE', 'SCONJ', 'SPACE', 'SPACE', 'AUX', 'SPACE', 'PART']	False	False	0	False	False	False	False	0	0	False	nsubj	False	False
13	26	1	2	2	False	['CCONJ', 'SPACE', 'VERB', 'SPACE', 'SPACE', 'ADP', 'SPACE', 'DET']	False	False	0	False	False	False	False	0	1	False	dobj	False	False
5	22	2	0	2	False	['ADV', 'SPACE', 'ADV', 'SPACE', 'SPACE', 'AUX', 'PART', 'SPACE']	False	False	0	False	False	False	False	0	8	False	nsubjpass	False	False
30	37	4	4	0	False	['VERB', 'SPACE', 'NOUN', 'SPACE', 'SPACE', 'AUX', 'SPACE', 'AUX']	False	False	0	False	False	False	False	0	0	False	nsubjpass	False	False
40	53	4	5	2	False	['CCONJ', 'SPACE', 'VERB', 'SPACE', 'SPACE', 'ADP', 'SPACE', 'DET']	False	False	0	False	False	False	False	0	1	False	dobj	False	False
28	39	2	4	1	False	['ADV', 'SPACE', 'VERB', 'SPACE', 'SPACE', 'DET', 'SPACE', 'ADJ']	False	False	1	False	False	False	False	0	5	False	dobj	False	False
37	42	2	5	1	False	['PART', 'SPACE', 'VERB', 'SPACE', 'SPACE', 'ADP', 'SPACE', 'PRON']	False	False	0	False	False	False	False	0	1	False	dobj	False	False
5	10	1	0	1	False	['ADV', 'SPACE', 'VERB', 'SPACE', 'SPACE', 'ADP', 'SPACE', 'PRON']	False	False	0	False	False	False	False	0	1	False	dobj	False	False
7	18	1	2	2	False	['VERB', 'SPACE', 'PRON', 'SPACE', 'SPACE', 'AUX', 'SPACE', 'PART']	False	False	0	False	False	False	False	0	0	False	nsubj	False	False
1	16	1	0	1	False	['ABS', 'ABS', 'ABS', 'ABS', 'SPACE', 'AUX', 'SPACE', 'PART']	False	False	1	False	False	False	False	0	9	False	nsubj	False	False
7	10	1	1	0	False	['AUX', 'SPACE', 'VERB', 'SPACE', 'SPACE', 'ADP', 'PUNCT', 'ABS']	False	False	0	False	False	False	False	0	1	False	dobj	False	False
7	12	1	1	1	False	['AUX', 'SPACE', 'VERB', 'SPACE', 'SPACE', 'ADP', 'SPACE', 'PROPN']	False	False	0	False	False	False	False	0	1	False	dobj	False	False
5	27	2	1	2	False	['PRON', 'SPACE', 'VERB', 'SPACE', 'SPACE', 'ADP', 'PUNCT', 'SPACE']	False	False	0	False	False	False	False	0	1	False	dobj	False	False
5	27	2	1	2	False	['PRON', 'SPACE', 'VERB', 'SPACE', 'SPACE', 'ADP', 'PUNCT', 'SPACE']	False	False	0	False	False	False	False	0	1	False	dobj	False	False
57	81	4	6	2	False	['PART', 'SPACE', 'VERB', 'SPACE', 'SPACE', 'AUX', 'SPACE', 'VERB']	False	False	0	False	False	False	False	0	16	False	nsubj	False	False
1	18	1	0	0	False	['ABS', 'ABS', 'ABS', 'ABS', 'SPACE', 'AUX', 'SPACE', 'ADV']	False	False	0	False	False	False	False	0	11	False	nsubj	False	False
1	9	1	0	0	False	['ABS', 'ABS', 'ABS', 'ABS', 'AUX', 'SPACE', 'ADV', 'SPACE']	False	False	0	False	False	False	False	0	0	False	nsubj	False	False
26	77	6	3	6	True	['ADJ', 'SPACE', 'NOUN', 'SPACE', 'SPACE', 'VERB', 'SPACE', 'PRON']	False	False	3	False	False	False	False	0	10	False	nsubj	False	False
26	77	6	3	6	True	['ADJ', 'SPACE', 'NOUN', 'SPACE', 'SPACE', 'VERB', 'SPACE', 'PRON']	False	False	3	False	False	False	False	0	10	False	nsubj	False	False
26	77	6	3	6	True	['ADJ', 'SPACE', 'NOUN', 'SPACE', 'SPACE', 'VERB', 'SPACE', 'PRON']	False	False	3	False	False	False	False	0	10	False	nsubj	False	False
7	24	2	1	1	False	['VERB', 'SPACE', 'SCONJ', 'SPACE', 'SPACE', 'AUX', 'SPACE', 'VERB']	False	False	0	False	False	False	False	0	0	False	nsubj	False	False
25	32	2	4	1	False	['PROPN', 'SPACE', 'VERB', 'SPACE', 'SPACE', 'ADP', 'SPACE', 'PRON']	False	False	0	False	False	False	False	0	1	False	dobj	False	False
5	40	1	1	6	False	['PRON', 'SPACE', 'VERB', 'SPACE', 'SPACE', 'ADP', 'SPACE', 'VERB']	False	False	1	False	False	False	True	0	1	False	dobj	False	False
35	38	3	3	0	False	['PRON', 'SPACE', 'VERB', 'SPACE', 'SPACE', 'ADV', 'PUNCT', 'ABS']	False	False	0	False	False	False	False	0	0	False	dobj	False	False
21	39	2	2	1	False	['ADP', 'SPACE', 'VERB', 'SPACE', 'SPACE', 'ADP', 'PUNCT', 'SPACE']	False	False	0	False	False	False	False	0	1	False	dobj	False	False
12	23	2	1	1	False	['PUNCT', 'SPACE', 'CCONJ', 'SPACE', 'SPACE', 'AUX', 'SPACE', 'VERB']	False	False	0	False	False	False	False	0	0	False	nsubj	False	False
7	28	3	1	0	False	['PRON', 'SPACE', 'VERB', 'SPACE', 'SPACE', 'ADP', 'SPACE', 'ADV']	False	False	1	False	False	False	False	0	1	False	dobj	False	False
10	11	2	1	0	False	['PUNCT', 'SPACE', 'VERB', 'SPACE', 'PUNCT', 'ABS', 'ABS', 'ABS']	False	False	0	False	False	False	False	0	0	False	dobj	False	False
5	15	2	1	1	False	['PRON', 'SPACE', 'VERB', 'SPACE', 'PUNCT', 'SPACE', 'CCONJ', 'SPACE']	False	False	0	False	False	False	False	0	0	False	dobj	False	False
5	15	2	1	1	False	['PRON', 'SPACE', 'VERB', 'SPACE', 'PUNCT', 'SPACE', 'CCONJ', 'SPACE']	False	False	0	False	False	False	False	0	0	False	dobj	False	False
25	76	9	3	6	False	['PUNCT', 'SPACE', 'CCONJ', 'SPACE', 'SPACE', 'AUX', 'SPACE', 'DET']	False	False	1	False	False	False	False	0	12	False	nsubj	False	False
25	76	9	3	6	False	['PUNCT', 'SPACE', 'CCONJ', 'SPACE', 'SPACE', 'AUX', 'SPACE', 'DET']	False	False	1	False	False	False	False	0	12	False	nsubj	False	False
25	76	9	3	6	False	['PUNCT', 'SPACE', 'CCONJ', 'SPACE', 'SPACE', 'AUX', 'SPACE', 'DET']	False	False	1	False	False	False	False	0	12	False	nsubj	False	False
22	31	2	3	1	False	['CCONJ', 'SPACE', 'VERB', 'SPACE', 'SPACE', 'ADP', 'SPACE', 'PRON']	False	False	0	False	False	False	False	0	1	False	dobj	False	False
1	37	2	0	5	False	['ABS', 'ABS', 'ABS', 'ABS', 'SPACE', 'AUX', 'SPACE', 'DET']	False	False	2	False	False	False	True	0	9	False	nsubj	False	False
18	57	4	2	5	False	['ADP', 'SPACE', 'ADJ', 'SPACE', 'PUNCT', 'SPACE', 'CCONJ', 'SPACE']	False	False	2	False	False	False	True	0	23	False	dobj	False	False
5	67	4	1	8	False	['PRON', 'SPACE', 'VERB', 'SPACE', 'SPACE', 'ADV', 'PUNCT', 'SPACE']	False	False	2	False	False	False	True	0	13	False	dobj	False	False
52	53	2	6	0	False	['VERB', 'SPACE', 'ADP', 'SPACE', 'PUNCT', 'ABS', 'ABS', 'ABS']	False	False	0	False	False	False	False	0	0	False	pobj	False	False
20	23	2	3	0	False	['CCONJ', 'SPACE', 'VERB', 'SPACE', 'SPACE', 'ADV', 'PUNCT', 'ABS']	False	False	0	False	False	False	False	0	0	False	dobj	False	False
31	85	8	5	7	False	['PUNCT', 'SPACE', 'VERB', 'SPACE', 'SPACE', 'ADP', 'SPACE', 'NOUN']	False	False	1	False	False	False	False	0	1	False	dobj	False	False
31	85	8	5	7	False	['PUNCT', 'SPACE', 'VERB', 'SPACE', 'SPACE', 'ADP', 'SPACE', 'NOUN']	False	False	1	False	False	False	False	0	1	False	dobj	False	False
31	85	8	5	7	False	['PUNCT', 'SPACE', 'VERB', 'SPACE', 'SPACE', 'ADP', 'SPACE', 'NOUN']	False	False	1	False	False	False	False	0	1	False	dobj	False	False
1	83	7	0	10	False	['ABS', 'ABS', 'ABS', 'ABS', 'SPACE', 'VERB', 'PUNCT', 'SPACE']	False	False	1	False	False	False	True	0	17	False	nsubj	False	False
1	83	7	0	10	False	['ABS', 'ABS', 'ABS', 'ABS', 'SPACE', 'VERB', 'PUNCT', 'SPACE']	False	False	1	False	False	False	True	0	17	False	nsubj	False	False
3	14	2	0	0	False	['ABS', 'ABS', 'CCONJ', 'SPACE', 'SPACE', 'AUX', 'SPACE', 'AUX']	False	False	0	False	False	False	False	0	7	False	nsubjpass	False	False
16	35	3	2	1	False	['PUNCT', 'SPACE', 'VERB', 'SPACE', 'SPACE', 'ADV', 'PUNCT', 'ADV']	False	False	0	False	False	False	False	0	0	False	dobj	False	False
31	36	3	4	0	False	['PUNCT', 'SPACE', 'VERB', 'SPACE', 'SPACE', 'ADP', 'SPACE', 'ADV']	False	False	0	False	False	False	False	0	1	False	dobj	False	False
6	23	2	0	1	True	['PUNCT', 'SPACE', 'ADP', 'SPACE', 'SPACE', 'AUX', 'SPACE', 'ADV']	False	False	0	False	False	False	False	0	13	False	nsubj	False	False
1	39	3	0	2	False	['ABS', 'ABS', 'ABS', 'ABS', 'SPACE', 'AUX', 'SPACE', 'VERB']	False	False	2	False	False	False	True	0	5	False	nsubj	False	False
1	49	3	0	4	False	['ABS', 'ABS', 'ABS', 'ABS', 'SPACE', 'AUX', 'SPACE', 'AUX']	False	False	2	False	False	False	True	0	34	False	nsubjpass	False	False
1	49	3	0	4	False	['ABS', 'ABS', 'ABS', 'ABS', 'SPACE', 'AUX', 'SPACE', 'AUX']	False	False	2	False	False	False	True	0	34	False	nsubjpass	False	False
5	16	1	1	2	False	['PRON', 'SPACE', 'VERB', 'SPACE', 'SPACE', 'AUX', 'SPACE', 'DET']	False	False	0	False	False	False	False	0	7	False	nsubj	False	False
9	12	2	1	0	False	['NOUN', 'PUNCT', 'CCONJ', 'SPACE', 'SPACE', 'VERB', 'PUNCT', 'ABS']	False	False	0	False	False	False	False	0	0	False	nsubj	False	False
22	52	3	4	4	False	['PRON', 'SPACE', 'VERB', 'SPACE', 'SPACE', 'ADV', 'SPACE', 'ADP']	False	False	2	False	False	False	True	0	3	False	dobj	False	False
18	37	3	2	1	False	['VERB', 'SPACE', 'DET', 'SPACE', 'SPACE', 'CCONJ', 'SPACE', 'SCONJ']	False	False	0	False	False	False	False	0	5	False	dobj	False	False
1	19	2	0	1	False	['ABS', 'ABS', 'ABS', 'ABS', 'SPACE', 'AUX', 'SPACE', 'AUX']	False	False	0	False	False	False	False	0	0	False	nsubj	False	False
10	78	5	1	9	False	['VERB', 'SPACE', 'SCONJ', 'SPACE', 'SPACE', 'AUX', 'SPACE', 'DET']	False	False	0	False	False	False	False	0	16	False	nsubj	False	False
10	78	5	1	9	False	['VERB', 'SPACE', 'SCONJ', 'SPACE', 'SPACE', 'AUX', 'SPACE', 'DET']	False	False	0	False	False	False	False	0	16	False	nsubj	False	False
10	78	5	1	9	False	['VERB', 'SPACE', 'SCONJ', 'SPACE', 'SPACE', 'AUX', 'SPACE', 'DET']	False	False	0	False	False	False	False	0	16	False	nsubj	False	False
10	78	5	1	9	False	['VERB', 'SPACE', 'SCONJ', 'SPACE', 'SPACE', 'AUX', 'SPACE', 'DET']	False	False	0	False	False	False	False	0	16	False	nsubj	False	False
16	26	3	3	1	False	['CCONJ', 'SPACE', 'PRON', 'SPACE', 'SPACE', 'AUX', 'PUNCT', 'SPACE']	False	False	0	False	False	False	False	0	4	False	nsubj	False	False
17	20	1	2	0	False	['VERB', 'SPACE', 'ADP', 'SPACE', 'SPACE', 'ADV', 'PUNCT', 'ABS']	False	False	0	False	False	False	False	0	0	False	pobj	False	False
25	40	4	3	2	False	['AUX', 'SPACE', 'VERB', 'SPACE', 'SPACE', 'ADP', 'SPACE', 'ADP']	False	False	1	False	False	False	True	0	1	False	dobj	False	False
5	29	2	1	2	False	['PRON', 'SPACE', 'VERB', 'SPACE', 'SPACE', 'ADV', 'SPACE', 'ADP']	False	False	0	False	False	False	False	0	3	False	dobj	False	False
5	29	2	1	2	False	['PRON', 'SPACE', 'VERB', 'SPACE', 'SPACE', 'ADV', 'SPACE', 'ADP']	False	False	0	False	False	False	False	0	3	False	dobj	False	False
5	34	4	1	3	False	['PRON', 'SPACE', 'VERB', 'SPACE', 'SPACE', 'NOUN', 'SPACE', 'ADP']	False	False	0	False	False	False	False	0	3	False	dobj	False	False
5	34	4	1	3	False	['PRON', 'SPACE', 'VERB', 'SPACE', 'SPACE', 'NOUN', 'SPACE', 'ADP']	False	False	0	False	False	False	False	0	3	False	dobj	False	False
15	16	1	1	0	False	['ADP', 'SPACE', 'ADP', 'SPACE', 'PUNCT', 'ABS', 'ABS', 'ABS']	False	False	0	False	False	False	False	0	0	False	pobj	False	False
4	13	3	1	0	False	['ABS', 'PRON', 'AUX', 'SPACE', 'PUNCT', 'SPACE', 'PROPN', 'PUNCT']	False	False	0	False	False	False	False	0	0	False	attr	False	False
9	10	1	1	0	False	['ADV', 'SPACE', 'ADP', 'SPACE', 'PUNCT', 'ABS', 'ABS', 'ABS']	False	False	0	False	False	False	False	0	0	False	pobj	False	False
10	33	2	1	2	False	['PRON', 'SPACE', 'VERB', 'SPACE', 'SPACE', 'AUX', 'SPACE', 'PART']	False	False	1	False	False	False	True	0	5	False	nsubj	False	False
20	23	2	2	0	False	['CCONJ', 'SPACE', 'VERB', 'SPACE', 'SPACE', 'ADV', 'PUNCT', 'ABS']	False	False	0	False	False	False	False	0	0	False	dobj	False	False
18	36	4	2	1	False	['PUNCT', 'SPACE', 'SCONJ', 'SPACE', 'SPACE', 'AUX', 'SPACE', 'VERB']	False	False	0	False	False	False	False	0	0	False	nsubjpass	False	False
13	19	2	2	0	False	['AUX', 'SPACE', 'VERB', 'SPACE', 'SPACE', 'ADV', 'PUNCT', 'SPACE']	False	False	0	False	False	False	False	0	0	False	dobj	False	False
7	10	1	1	0	False	['ADJ', 'SPACE', 'NOUN', 'SPACE', 'SPACE', 'AUX', 'PUNCT', 'ABS']	False	False	0	False	False	False	False	0	0	False	nsubj	False	False
1	14	1	0	1	False	['ABS', 'ABS', 'ABS', 'ABS', 'SPACE', 'AUX', 'SPACE', 'PROPN']	False	False	0	False	False	False	False	0	7	False	nsubj	False	False
27	38	3	2	1	False	['SPACE', 'ADV', 'PUNCT', 'SPACE', 'SPACE', 'AUX', 'SPACE', 'PART']	False	False	1	False	False	False	True	0	5	False	nsubj	False	False
5	8	1	1	0	False	['PRON', 'SPACE', 'VERB', 'SPACE', 'SPACE', 'ADV', 'PUNCT', 'ABS']	False	False	0	False	False	False	False	0	0	False	dobj	False	False
1	26	3	0	3	False	['ABS', 'ABS', 'ABS', 'ABS', 'SPACE', 'AUX', 'SPACE', 'PART']	False	False	0	False	False	False	False	0	21	False	nsubj	False	False
7	47	5	0	6	False	['SPACE', 'PROPN', 'PUNCT', 'SPACE', 'SPACE', 'AUX', 'SPACE', 'VERB']	False	False	0	False	False	False	False	0	5	False	nsubjpass	False	False
7	47	5	0	6	False	['SPACE', 'PROPN', 'PUNCT', 'SPACE', 'SPACE', 'AUX', 'SPACE', 'VERB']	False	False	0	False	False	False	False	0	5	False	nsubjpass	False	False
5	6	1	1	0	False	['PRON', 'SPACE', 'AUX', 'SPACE', 'PUNCT', 'ABS', 'ABS', 'ABS']	False	False	0	False	False	False	False	0	0	False	nsubj	False	False
5	12	1	1	1	False	['PRON', 'SPACE', 'VERB', 'SPACE', 'SPACE', 'ADP', 'SPACE', 'PRON']	False	False	0	False	False	False	False	0	1	False	dobj	False	False
7	20	1	1	1	False	['PRON', 'SPACE', 'VERB', 'SPACE', 'SPACE', 'ADV', 'SPACE', 'ADV']	False	False	0	False	False	False	False	0	5	False	dobj	False	False
39	57	5	4	2	False	['PART', 'SPACE', 'VERB', 'SPACE', 'SPACE', 'ADV', 'PUNCT', 'SPACE']	False	False	0	False	False	False	False	0	4	False	dobj	False	False
11	50	3	1	5	False	['PART', 'SPACE', 'VERB', 'SPACE', 'SPACE', 'ADP', 'PUNCT', 'SPACE']	False	False	0	False	False	False	False	0	1	False	dobj	False	False
11	50	3	1	5	False	['PART', 'SPACE', 'VERB', 'SPACE', 'SPACE', 'ADP', 'PUNCT', 'SPACE']	False	False	0	False	False	False	False	0	1	False	dobj	False	False
11	50	3	1	5	False	['PART', 'SPACE', 'VERB', 'SPACE', 'SPACE', 'ADP', 'PUNCT', 'SPACE']	False	False	0	False	False	False	False	0	1	False	dobj	False	False
20	23	2	2	0	False	['PUNCT', 'SPACE', 'AUX', 'SPACE', 'SPACE', 'PART', 'PUNCT', 'ABS']	False	False	0	False	False	False	False	0	0	False	nsubj	False	False
10	37	5	1	3	False	['PUNCT', 'SPACE', 'AUX', 'SPACE', 'SPACE', 'ADP', 'SPACE', 'DET']	False	False	0	False	False	False	False	0	1	False	nsubj	False	False
11	18	1	2	0	False	['PRON', 'SPACE', 'VERB', 'SPACE', 'SPACE', 'ADP', 'SPACE', 'ADJ']	False	False	1	False	False	False	False	0	1	False	dobj	False	False
11	22	2	1	1	False	['PRON', 'SPACE', 'VERB', 'SPACE', 'SPACE', 'ADP', 'SPACE', 'PUNCT']	False	False	0	False	False	False	False	0	1	False	dobj	False	False
47	59	5	6	2	False	['NOUN', 'SPACE', 'ADP', 'SPACE', 'PUNCT', 'SPACE', 'PROPN', 'PUNCT']	False	False	0	False	False	False	False	0	0	False	pobj	False	False
17	23	2	3	1	False	['NOUN', 'SPACE', 'ADP', 'SPACE', 'PUNCT', 'SPACE', 'VERB', 'SPACE']	False	False	0	False	False	False	False	0	0	False	pobj	False	False
3	13	2	0	1	False	['ABS', 'ABS', 'VERB', 'SPACE', 'SPACE', 'ADP', 'SPACE', 'DET']	False	False	0	False	False	False	False	0	1	False	dobj	False	False
8	11	2	1	0	False	['SPACE', 'NOUN', 'PUNCT', 'SPACE', 'SPACE', 'VERB', 'PUNCT', 'ABS']	False	False	0	False	False	False	False	0	0	False	nsubj	False	False
7	92	4	1	12	False	['ADV', 'SPACE', 'VERB', 'SPACE', 'SPACE', 'SCONJ', 'SPACE', 'PRON']	False	False	0	False	False	False	False	0	11	False	dobj	False	False
7	92	4	1	12	False	['ADV', 'SPACE', 'VERB', 'SPACE', 'SPACE', 'SCONJ', 'SPACE', 'PRON']	False	False	0	False	False	False	False	0	11	False	dobj	False	False
7	92	4	1	12	False	['ADV', 'SPACE', 'VERB', 'SPACE', 'SPACE', 'SCONJ', 'SPACE', 'PRON']	False	False	0	False	False	False	False	0	11	False	dobj	False	False
7	92	4	1	12	False	['ADV', 'SPACE', 'VERB', 'SPACE', 'SPACE', 'SCONJ', 'SPACE', 'PRON']	False	False	0	False	False	False	False	0	11	False	dobj	False	False
7	25	2	1	2	False	['PRON', 'SPACE', 'VERB', 'SPACE', 'SPACE', 'ADV', 'SPACE', 'ADP']	False	False	0	False	False	False	False	0	3	False	dobj	False	False
7	25	2	1	2	False	['PRON', 'SPACE', 'VERB', 'SPACE', 'SPACE', 'ADV', 'SPACE', 'ADP']	False	False	0	False	False	False	False	0	3	False	dobj	False	False
18	23	2	3	1	False	['PUNCT', 'SPACE', 'CCONJ', 'SPACE', 'SPACE', 'VERB', 'SPACE', 'PRON']	False	False	0	False	False	False	False	0	0	False	nsubj	False	False
7	12	3	0	0	False	['SPACE', 'NOUN', 'PUNCT', 'SPACE', 'SPACE', 'ADV', 'SPACE', 'AUX']	False	False	0	False	False	False	False	0	0	False	nsubj	False	False
1	10	1	0	0	False	['ABS', 'ABS', 'ABS', 'ABS', 'SPACE', 'AUX', 'SPACE', 'ADV']	False	False	0	False	False	False	False	0	0	False	nsubjpass	False	False
14	40	3	1	2	False	['SPACE', 'NOUN', 'PUNCT', 'SPACE', 'SPACE', 'AUX', 'SPACE', 'VERB']	False	False	0	False	False	False	False	0	0	False	nsubjpass	False	False
14	40	3	1	2	False	['SPACE', 'NOUN', 'PUNCT', 'SPACE', 'SPACE', 'AUX', 'SPACE', 'VERB']	False	False	0	False	False	False	False	0	0	False	nsubjpass	False	False
9	14	1	1	1	False	['AUX', 'SPACE', 'VERB', 'SPACE', 'SPACE', 'ADP', 'SPACE', 'NOUN']	False	False	0	False	False	False	False	0	1	False	dobj	False	False
17	40	4	1	3	False	['AUX', 'SPACE', 'VERB', 'SPACE', 'SPACE', 'ADV', 'SPACE', 'ADP']	False	False	1	False	False	False	True	0	3	False	dobj	False	False
18	23	2	2	0	False	['ADV', 'SPACE', 'AUX', 'SPACE', 'SPACE', 'AUX', 'SPACE', 'AUX']	False	False	0	False	False	False	False	0	0	False	nsubj	False	False
1	17	2	0	2	False	['ABS', 'ABS', 'ABS', 'ABS', 'SPACE', 'AUX', 'SPACE', 'AUX']	False	False	0	False	False	False	False	0	0	False	nsubj	False	False
1	27	2	0	4	False	['ABS', 'ABS', 'ABS', 'ABS', 'SPACE', 'AUX', 'SPACE', 'PART']	False	False	0	False	False	False	False	0	20	False	nsubj	False	False
1	27	2	0	4	False	['ABS', 'ABS', 'ABS', 'ABS', 'SPACE', 'AUX', 'SPACE', 'PART']	False	False	0	False	False	False	False	0	20	False	nsubj	False	False
1	10	1	0	0	False	['ABS', 'ABS', 'ABS', 'ABS', 'SPACE', 'AUX', 'SPACE', 'PART']	False	False	1	False	False	False	False	0	0	False	nsubj	False	False
24	31	2	3	1	False	['CCONJ', 'SPACE', 'VERB', 'SPACE', 'SPACE', 'ADV', 'SPACE', 'ADP']	False	False	0	False	False	False	False	0	3	False	dobj	False	False
1	12	1	0	1	False	['ABS', 'ABS', 'ABS', 'ABS', 'SPACE', 'AUX', 'SPACE', 'ADV']	False	False	1	False	False	False	True	0	0	False	nsubj	False	False
26	34	3	2	0	False	['VERB', 'SPACE', 'ADP', 'SPACE', 'PUNCT', 'SPACE', 'ADV', 'SPACE']	False	False	1	False	False	False	False	0	4	False	pobj	False	False
13	14	1	2	0	False	['NOUN', 'SPACE', 'ADP', 'SPACE', 'PUNCT', 'ABS', 'ABS', 'ABS']	False	False	0	False	False	False	False	0	0	False	pobj	False	False
4	13	3	0	1	False	['ABS', 'INTJ', 'PUNCT', 'SPACE', 'SPACE', 'AUX', 'SPACE', 'PUNCT']	False	False	0	False	False	False	False	0	0	False	nsubj	False	False
7	10	1	1	0	False	['PRON', 'SPACE', 'AUX', 'SPACE', 'SPACE', 'VERB', 'PUNCT', 'ABS']	False	False	0	False	False	False	False	0	0	False	nsubj	False	False
10	15	2	1	0	False	['VERB', 'PUNCT', 'CCONJ', 'SPACE', 'SPACE', 'AUX', 'SPACE', 'NOUN']	False	False	0	False	False	False	False	0	0	False	nsubj	False	False
3	8	1	0	1	False	['ABS', 'ABS', 'AUX', 'SPACE', 'SPACE', 'DET', 'SPACE', 'NOUN']	False	False	0	False	False	False	False	0	0	False	nsubj	False	False
9	14	1	2	0	False	['PRON', 'SPACE', 'VERB', 'SPACE', 'SPACE', 'ADV', 'SPACE', 'ADV']	False	False	0	False	False	False	False	0	0	False	dobj	False	False
35	40	3	4	1	False	['PART', 'SPACE', 'VERB', 'SPACE', 'SPACE', 'ADP', 'SPACE', 'PRON']	False	False	0	False	False	False	False	0	1	False	dobj	False	False
7	16	1	1	1	False	['ADV', 'SPACE', 'VERB', 'SPACE', 'SPACE', 'ADP', 'SPACE', 'DET']	False	False	0	False	False	False	False	0	1	False	dobj	False	False
12	18	1	1	0	False	['VERB', 'SPACE', 'SCONJ', 'SPACE', 'AUX', 'SPACE', 'PRON', 'SPACE']	False	False	0	False	False	False	False	0	0	False	nsubj	False	False
15	16	1	2	0	False	['AUX', 'SPACE', 'VERB', 'SPACE', 'PUNCT', 'ABS', 'ABS', 'ABS']	False	False	0	False	False	False	False	0	0	False	dobj	False	False
11	33	2	1	3	False	['AUX', 'SPACE', 'VERB', 'SPACE', 'PUNCT', 'SPACE', 'PRON', 'SPACE']	False	False	1	False	False	False	True	0	18	False	dobj	False	False
11	33	2	1	3	False	['AUX', 'SPACE', 'VERB', 'SPACE', 'PUNCT', 'SPACE', 'PRON', 'SPACE']	False	False	1	False	False	False	True	0	18	False	dobj	False	False
28	52	3	2	3	False	['CCONJ', 'SPACE', 'VERB', 'SPACE', 'SPACE', 'ADV', 'PUNCT', 'SPACE']	False	False	1	False	False	False	True	0	18	False	dobj	False	False
34	35	2	4	0	False	['VERB', 'SPACE', 'ADP', 'SPACE', 'PUNCT', 'ABS', 'ABS', 'ABS']	False	False	0	False	False	False	False	0	0	False	pobj	False	False
22	29	2	2	1	False	['PUNCT', 'SPACE', 'VERB', 'SPACE', 'SPACE', 'SCONJ', 'SPACE', 'PRON']	False	False	0	False	False	False	False	0	0	False	dobj	False	False
1	8	1	0	1	False	['ABS', 'ABS', 'ABS', 'ABS', 'SPACE', 'AUX', 'SPACE', 'VERB']	False	False	0	False	False	False	False	0	0	False	nsubj	False	False
1	16	1	0	0	False	['ABS', 'ABS', 'ABS', 'ABS', 'SPACE', 'AUX', 'SPACE', 'ADJ']	False	False	3	False	False	False	False	0	5	False	nsubj	False	False
5	17	3	1	1	False	['PRON', 'SPACE', 'VERB', 'SPACE', 'SPACE', 'ADP', 'SPACE', 'DET']	False	False	0	False	False	False	False	0	1	False	dobj	False	False
10	15	2	1	1	False	['ADV', 'SPACE', 'VERB', 'SPACE', 'SPACE', 'ADP', 'SPACE', 'NOUN']	False	False	0	False	False	False	False	0	1	False	dobj	False	False
1	21	2	0	4	False	['ABS', 'ABS', 'ABS', 'ABS', 'SPACE', 'VERB', 'SPACE', 'PRON']	False	False	0	False	False	False	False	0	16	False	nsubj	False	False
1	21	2	0	4	False	['ABS', 'ABS', 'ABS', 'ABS', 'SPACE', 'VERB', 'SPACE', 'PRON']	False	False	0	False	False	False	False	0	16	False	nsubj	False	False
17	21	2	3	0	False	['ADP', 'SPACE', 'VERB', 'SPACE', 'PUNCT', 'SPACE', 'X', 'PUNCT']	False	False	0	False	False	False	False	0	0	False	dobj	False	False
8	15	2	1	1	False	['PUNCT', 'SPACE', 'CCONJ', 'SPACE', 'SPACE', 'VERB', 'SPACE', 'DET']	False	False	0	False	False	False	False	0	0	False	nsubj	False	False
1	49	2	0	7	False	['ABS', 'ABS', 'ABS', 'ABS', 'SPACE', 'AUX', 'SPACE', 'ADV']	False	False	1	False	False	False	True	0	36	False	nsubj	False	False
1	24	3	0	2	False	['ABS', 'ABS', 'ABS', 'ABS', 'SPACE', 'AUX', 'PUNCT', 'SPACE']	False	False	2	False	False	False	True	0	4	False	nsubj	False	False
5	8	1	0	0	False	['SCONJ', 'SPACE', 'AUX', 'SPACE', 'SPACE', 'ADV', 'PUNCT', 'ABS']	False	False	0	False	False	False	False	0	0	False	attr	False	False
40	71	3	5	4	False	['CCONJ', 'SPACE', 'VERB', 'SPACE', 'SPACE', 'ADP', 'SPACE', 'DET']	False	False	1	False	False	False	True	0	1	False	dobj	False	False
40	71	3	5	4	False	['CCONJ', 'SPACE', 'VERB', 'SPACE', 'SPACE', 'ADP', 'SPACE', 'DET']	False	False	1	False	False	False	True	0	1	False	dobj	False	False
15	30	1	2	1	False	['ADJ', 'SPACE', 'SCONJ', 'SPACE', 'SPACE', 'AUX', 'SPACE', 'VERB']	False	False	0	False	False	False	False	0	9	False	nsubjpass	False	False
28	33	2	4	1	False	['AUX', 'SPACE', 'VERB', 'SPACE', 'SPACE', 'ADP', 'SPACE', 'PRON']	False	False	0	False	False	False	False	0	1	False	dobj	False	False
5	12	1	1	1	False	['PROPN', 'SPACE', 'VERB', 'SPACE', 'SPACE', 'ADP', 'SPACE', 'ADJ']	False	False	1	False	False	False	True	0	1	False	dobj	False	False
28	35	2	2	1	False	['ADP', 'SPACE', 'ADP', 'SPACE', 'SPACE', 'SCONJ', 'SPACE', 'PRON']	False	False	0	False	False	False	False	0	0	False	pobj	False	False
18	29	2	3	0	False	['PUNCT', 'SPACE', 'VERB', 'SPACE', 'SPACE', 'ADV', 'SPACE', 'ADV']	False	False	1	False	False	False	False	0	0	False	dobj	False	False
64	71	6	8	1	False	['PRON', 'SPACE', 'VERB', 'SPACE', 'SPACE', 'ADV', 'SPACE', 'ADP']	False	False	0	False	False	False	False	0	3	False	dobj	False	False
11	14	1	2	0	False	['VERB', 'SPACE', 'ADP', 'SPACE', 'SPACE', 'ADV', 'PUNCT', 'ABS']	False	False	0	False	False	False	False	0	0	False	pobj	False	False
11	51	4	1	6	False	['PRON', 'SPACE', 'VERB', 'SPACE', 'SPACE', 'ADP', 'SPACE', 'DET']	False	False	2	False	False	False	True	0	1	False	dobj	False	False
11	51	4	1	6	False	['PRON', 'SPACE', 'VERB', 'SPACE', 'SPACE', 'ADP', 'SPACE', 'DET']	False	False	2	False	False	False	True	0	1	False	dobj	False	False
26	36	3	3	2	False	['ADV', 'SPACE', 'ADJ', 'SPACE', 'SPACE', 'AUX', 'SPACE', 'DET']	False	False	0	False	False	False	False	0	0	False	nsubj	False	False
63	68	5	9	1	False	['NOUN', 'SPACE', 'SCONJ', 'SPACE', 'SPACE', 'VERB', 'SPACE', 'NOUN']	False	False	0	False	False	False	False	0	0	False	nsubj	False	False
19	26	3	1	1	False	['AUX', 'SPACE', 'VERB', 'SPACE', 'SPACE', 'ADP', 'SPACE', 'PRON']	False	False	0	False	False	False	False	0	1	False	dobj	False	False
8	9	1	1	0	False	['AUX', 'SPACE', 'VERB', 'SPACE', 'PUNCT', 'ABS', 'ABS', 'ABS']	False	False	0	False	False	False	False	0	0	False	dobj	False	False
11	12	1	1	0	False	['PRON', 'SPACE', 'VERB', 'SPACE', 'PUNCT', 'ABS', 'ABS', 'ABS']	False	False	0	False	False	False	False	0	0	False	dobj	False	False
12	29	3	1	2	False	['ADV', 'SPACE', 'VERB', 'SPACE', 'PUNCT', 'SPACE', 'ADV', 'PUNCT']	False	False	0	False	False	False	False	0	13	False	dobj	False	False
12	29	3	1	2	False	['ADV', 'SPACE', 'VERB', 'SPACE', 'PUNCT', 'SPACE', 'ADV', 'PUNCT']	False	False	0	False	False	False	False	0	13	False	dobj	False	False
16	28	3	3	1	False	['PROPN', 'SPACE', 'VERB', 'SPACE', 'PUNCT', 'SPACE', 'CCONJ', 'SPACE']	False	False	0	False	False	False	False	0	10	False	dobj	False	False
5	18	3	1	1	False	['PRON', 'SPACE', 'VERB', 'SPACE', 'PUNCT', 'SPACE', 'ADV', 'SPACE']	False	False	0	False	False	False	False	0	4	False	dobj	False	False
3	11	1	0	0	False	['ABS', 'ABS', 'CCONJ', 'SPACE', 'AUX', 'SPACE', 'PART', 'SPACE']	False	False	0	False	False	False	False	0	0	False	nsubj	False	False
7	8	1	1	0	False	['PRON', 'SPACE', 'VERB', 'SPACE', 'PUNCT', 'ABS', 'ABS', 'ABS']	False	False	0	False	False	False	False	0	0	False	dobj	False	False
14	25	2	1	1	False	['SPACE', 'VERB', 'PUNCT', 'SPACE', 'SPACE', 'AUX', 'SPACE', 'DET']	False	False	1	False	False	False	True	0	0	False	nsubj	False	False
23	24	1	2	0	False	['AUX', 'SPACE', 'VERB', 'SPACE', 'PUNCT', 'ABS', 'ABS', 'ABS']	False	False	0	False	False	False	False	0	0	False	dobj	False	False
1	36	1	0	4	False	['ABS', 'ABS', 'ABS', 'ABS', 'SPACE', 'AUX', 'SPACE', 'ADJ']	False	False	1	False	False	False	False	0	5	False	nsubj	False	False
1	36	1	0	4	False	['ABS', 'ABS', 'ABS', 'ABS', 'SPACE', 'AUX', 'SPACE', 'ADJ']	False	False	1	False	False	False	False	0	5	False	nsubj	False	False
20	30	3	2	1	False	['PART', 'SPACE', 'VERB', 'SPACE', 'PUNCT', 'SPACE', 'ADV', 'SPACE']	False	False	0	False	False	False	False	0	0	False	dobj	False	False
9	16	1	1	1	False	['AUX', 'SPACE', 'VERB', 'SPACE', 'SPACE', 'ADV', 'SPACE', 'ADP']	False	False	0	False	False	False	False	0	3	False	dobj	False	False
5	10	1	0	0	False	['CCONJ', 'SPACE', 'ADV', 'SPACE', 'SPACE', 'AUX', 'SPACE', 'VERB']	False	False	0	False	False	False	False	0	0	False	nsubj	False	False
1	14	2	0	1	False	['ABS', 'ABS', 'ABS', 'ABS', 'SPACE', 'AUX', 'SPACE', 'VERB']	False	False	0	False	False	False	False	0	0	False	nsubjpass	False	False
1	14	2	0	1	False	['ABS', 'ABS', 'ABS', 'ABS', 'SPACE', 'AUX', 'SPACE', 'VERB']	False	False	0	False	False	False	False	0	0	False	nsubjpass	False	False
1	10	1	0	1	False	['ABS', 'ABS', 'ABS', 'ABS', 'SPACE', 'AUX', 'SPACE', 'VERB']	False	False	0	False	False	False	False	0	0	False	nsubj	False	False
19	22	1	2	0	False	['VERB', 'SPACE', 'ADP', 'SPACE', 'SPACE', 'PRON', 'PUNCT', 'ABS']	False	False	0	False	False	False	False	0	0	False	pobj	False	False
5	6	1	1	0	False	['PRON', 'SPACE', 'AUX', 'SPACE', 'PUNCT', 'ABS', 'ABS', 'ABS']	False	False	0	False	False	False	False	0	0	False	nsubj	False	False
1	24	1	0	2	False	['ABS', 'ABS', 'ABS', 'ABS', 'SPACE', 'AUX', 'SPACE', 'AUX']	False	False	0	False	False	False	False	0	11	False	nsubjpass	False	False
1	26	2	0	3	False	['ABS', 'ABS', 'ABS', 'ABS', 'SPACE', 'VERB', 'SPACE', 'ADV']	False	False	0	False	False	False	False	0	5	False	nsubj	False	False
1	39	3	0	5	False	['ABS', 'ABS', 'ABS', 'ABS', 'SPACE', 'AUX', 'SPACE', 'VERB']	False	False	0	False	False	False	False	0	5	False	nsubjpass	False	False
11	12	1	1	0	False	['VERB', 'SPACE', 'ADP', 'SPACE', 'PUNCT', 'ABS', 'ABS', 'ABS']	False	False	0	False	False	False	False	0	0	False	pobj	False	False
65	70	6	7	0	False	['VERB', 'SPACE', 'SCONJ', 'SPACE', 'SPACE', 'VERB', 'SPACE', 'ADJ']	False	False	1	False	False	False	False	0	0	False	nsubj	False	False
16	35	6	1	2	False	['ADV', 'SPACE', 'VERB', 'SPACE', 'SPACE', 'ADP', 'SPACE', 'DET']	False	False	0	False	False	False	False	0	1	False	dobj	False	False
9	10	1	1	0	False	['PART', 'SPACE', 'VERB', 'SPACE', 'PUNCT', 'ABS', 'ABS', 'ABS']	False	False	0	False	False	False	False	0	0	False	dobj	False	False
1	20	1	0	1	False	['ABS', 'ABS', 'ABS', 'ABS', 'SPACE', 'AUX', 'SPACE', 'DET']	False	False	1	False	False	False	False	0	11	False	nsubj	False	False
7	26	1	1	3	False	['VERB', 'SPACE', 'SCONJ', 'SPACE', 'SPACE', 'VERB', 'SPACE', 'DET']	False	False	1	False	False	False	True	0	7	False	nsubj	False	False
15	34	2	2	1	False	['ADV', 'SPACE', 'SCONJ', 'SPACE', 'SPACE', 'AUX', 'SPACE', 'ADV']	False	False	1	False	False	False	True	0	9	False	nsubjpass	False	False
6	118	8	0	14	False	['PUNCT', 'SPACE', 'SCONJ', 'SPACE', 'SPACE', 'AUX', 'SPACE', 'AUX']	False	False	4	False	False	False	True	0	29	False	nsubjpass	False	False
6	118	8	0	14	False	['PUNCT', 'SPACE', 'SCONJ', 'SPACE', 'SPACE', 'AUX', 'SPACE', 'AUX']	False	False	4	False	False	False	True	0	29	False	nsubjpass	False	False
13	18	1	1	0	False	['PART', 'SPACE', 'VERB', 'SPACE', 'SPACE', 'ADV', 'SPACE', 'ADV']	False	False	0	False	False	False	False	0	0	False	dobj	False	False
54	57	4	6	0	False	['CCONJ', 'SPACE', 'VERB', 'SPACE', 'SPACE', 'ADV', 'PUNCT', 'ABS']	False	False	0	False	False	False	False	0	0	False	dobj	False	False
3	14	1	0	0	True	['ABS', 'ABS', 'ADP', 'SPACE', 'SPACE', 'AUX', 'SPACE', 'ADP']	False	False	1	False	False	False	False	0	3	False	nsubj	False	False
1	6	1	0	1	False	['ABS', 'ABS', 'ABS', 'ABS', 'SPACE', 'VERB', 'SPACE', 'PRON']	False	False	0	False	False	False	False	0	0	False	nsubj	False	False
1	16	1	0	2	False	['ABS', 'ABS', 'ABS', 'ABS', 'SPACE', 'AUX', 'SPACE', 'DET']	False	False	1	False	False	False	True	0	7	False	nsubj	False	False
16	52	3	2	5	False	['SPACE', 'NOUN', 'PUNCT', 'SPACE', 'SPACE', 'VERB', 'SPACE', 'ADP']	False	False	0	False	False	False	False	0	3	False	nsubj	False	False
19	26	1	2	0	False	['NOUN', 'SPACE', 'SCONJ', 'SPACE', 'SPACE', 'AUX', 'SPACE', 'AUX']	False	False	0	False	False	False	False	0	0	False	nsubjpass	False	False
1	39	4	0	4	False	['ABS', 'ABS', 'ABS', 'ABS', 'SPACE', 'AUX', 'SPACE', 'VERB']	False	False	2	False	False	False	True	0	5	False	nsubj	False	False
32	35	2	5	0	False	['CCONJ', 'SPACE', 'VERB', 'SPACE', 'SPACE', 'VERB', 'PUNCT', 'ABS']	False	False	0	False	False	False	False	0	0	False	nsubj	False	False
1	42	2	0	2	False	['ABS', 'ABS', 'ABS', 'ABS', 'SPACE', 'AUX', 'SPACE', 'AUX']	False	False	0	False	False	False	False	0	7	False	nsubjpass	False	False
15	16	1	1	0	False	['PART', 'SPACE', 'VERB', 'SPACE', 'PUNCT', 'ABS', 'ABS', 'ABS']	False	False	0	False	False	False	False	0	0	False	dobj	False	False
7	14	1	1	1	False	['PROPN', 'SPACE', 'VERB', 'SPACE', 'SPACE', 'ADP', 'SPACE', 'DET']	False	False	0	False	False	False	False	0	1	False	dobj	False	False
20	23	2	3	0	False	['PRON', 'SPACE', 'VERB', 'SPACE', 'SPACE', 'ADV', 'PUNCT', 'ABS']	False	False	0	False	False	False	False	0	0	False	dobj	False	False
29	43	4	4	2	False	['NOUN', 'SPACE', 'ADP', 'SPACE', 'PUNCT', 'SPACE', 'AUX', 'SPACE']	False	False	0	False	False	False	False	0	0	False	pobj	False	False
24	53	4	3	3	False	['PUNCT', 'SPACE', 'CCONJ', 'SPACE', 'SPACE', 'AUX', 'SPACE', 'AUX']	False	False	2	False	False	False	True	0	9	False	nsubj	False	False
41	44	2	5	0	False	['PART', 'SPACE', 'VERB', 'SPACE', 'SPACE', 'ADV', 'PUNCT', 'ABS']	False	False	0	False	False	False	False	0	0	False	dobj	False	False
49	54	7	6	0	False	['PUNCT', 'SPACE', 'CCONJ', 'SPACE', 'SPACE', 'AUX', 'SPACE', 'VERB']	False	False	0	False	False	False	False	0	0	False	nsubjpass	False	False
30	31	2	3	0	False	['ADJ', 'SPACE', 'ADP', 'SPACE', 'PUNCT', 'ABS', 'ABS', 'ABS']	False	False	0	False	False	False	False	0	0	False	pobj	False	False
18	19	2	3	0	False	['ADV', 'SPACE', 'VERB', 'SPACE', 'PUNCT', 'ABS', 'ABS', 'ABS']	False	False	0	False	False	False	False	0	0	False	dobj	False	False
1	18	1	0	3	False	['ABS', 'ABS', 'ABS', 'ABS', 'SPACE', 'VERB', 'SPACE', 'PRON']	False	False	0	False	False	False	False	0	5	False	nsubj	False	False
7	82	4	1	12	False	['AUX', 'SPACE', 'VERB', 'SPACE', 'SPACE', 'ADV', 'SPACE', 'PART']	False	False	3	False	False	False	True	0	15	False	dobj	False	False
7	82	4	1	12	False	['AUX', 'SPACE', 'VERB', 'SPACE', 'SPACE', 'ADV', 'SPACE', 'PART']	False	False	3	False	False	False	True	0	15	False	dobj	False	False
5	30	3	1	3	False	['PRON', 'SPACE', 'VERB', 'SPACE', 'SPACE', 'AUX', 'SPACE', 'PART']	False	False	0	False	False	False	False	0	19	False	nsubj	False	False
1	39	1	0	3	False	['ABS', 'ABS', 'ABS', 'ABS', 'SPACE', 'VERB', 'SPACE', 'ADV']	False	False	2	False	False	False	True	0	23	False	nsubj	False	False
17	18	1	4	0	False	['PRON', 'SPACE', 'VERB', 'SPACE', 'PUNCT', 'ABS', 'ABS', 'ABS']	False	False	0	False	False	False	False	0	0	False	dobj	False	False
5	16	1	1	1	False	['PRON', 'SPACE', 'VERB', 'SPACE', 'SPACE', 'AUX', 'SPACE', 'PART']	False	False	0	False	False	False	False	0	0	False	nsubj	False	False
1	39	4	0	4	False	['ABS', 'ABS', 'ABS', 'ABS', 'SPACE', 'AUX', 'SPACE', 'VERB']	False	False	3	False	False	False	True	0	9	False	nsubjpass	False	False
30	42	3	4	2	False	['NOUN', 'SPACE', 'ADP', 'SPACE', 'PUNCT', 'SPACE', 'VERB', 'SPACE']	False	False	0	False	False	False	False	0	6	False	pobj	False	False
30	42	3	4	2	False	['NOUN', 'SPACE', 'ADP', 'SPACE', 'PUNCT', 'SPACE', 'VERB', 'SPACE']	False	False	0	False	False	False	False	0	6	False	pobj	False	False
1	10	1	0	0	False	['ABS', 'ABS', 'ABS', 'ABS', 'SPACE', 'AUX', 'SPACE', 'ADV']	False	False	1	False	False	False	False	0	0	False	nsubj	False	False
3	13	2	0	1	False	['ABS', 'ABS', 'CCONJ', 'SPACE', 'SPACE', 'AUX', 'SPACE', 'DET']	False	False	0	False	False	False	False	0	0	False	nsubj	False	False
5	10	1	1	0	False	['PRON', 'SPACE', 'VERB', 'SPACE', 'SPACE', 'AUX', 'SPACE', 'ADJ']	False	False	1	False	False	False	False	0	0	False	nsubj	False	False
3	14	1	0	1	False	['ABS', 'ABS', 'CCONJ', 'SPACE', 'SPACE', 'AUX', 'SPACE', 'ADV']	False	False	1	False	False	False	True	0	0	False	nsubj	False	False
48	59	6	7	2	False	['CCONJ', 'SPACE', 'VERB', 'SPACE', 'SPACE', 'ADP', 'SPACE', 'PRON']	False	False	0	False	False	False	False	0	1	False	dobj	False	False
5	11	2	1	0	False	['PRON', 'SPACE', 'VERB', 'SPACE', 'SPACE', 'ADP', 'PUNCT', 'SPACE']	False	False	0	False	False	False	False	0	1	False	dobj	False	False
11	16	1	1	1	False	['PART', 'SPACE', 'VERB', 'SPACE', 'SPACE', 'ADP', 'SPACE', 'PRON']	False	False	0	False	False	False	False	0	1	False	dobj	False	False
24	29	2	2	0	False	['SPACE', 'ADV', 'PUNCT', 'SPACE', 'SPACE', 'AUX', 'SPACE', 'VERB']	False	False	0	False	False	False	False	0	0	False	nsubjpass	False	False
3	36	3	0	5	False	['ABS', 'ABS', 'CCONJ', 'SPACE', 'SPACE', 'AUX', 'SPACE', 'VERB']	False	False	0	False	False	False	False	0	19	False	nsubj	False	False
8	14	2	1	0	False	['PART', 'SPACE', 'VERB', 'SPACE', 'PUNCT', 'SPACE', 'PROPN', 'SPACE']	False	False	0	False	False	False	False	0	0	False	dobj	False	False
1	17	2	0	1	False	['ABS', 'ABS', 'ABS', 'ABS', 'SPACE', 'AUX', 'SPACE', 'AUX']	False	False	1	False	False	False	False	0	12	False	nsubjpass	False	False
13	14	1	2	0	False	['PART', 'SPACE', 'VERB', 'SPACE', 'PUNCT', 'ABS', 'ABS', 'ABS']	False	False	0	False	False	False	False	0	0	False	dobj	False	False
1	12	2	0	0	False	['ABS', 'ABS', 'ABS', 'ABS', 'SPACE', 'AUX', 'SPACE', 'PART']	False	False	0	False	False	False	False	0	0	False	nsubj	False	False
29	40	4	1	1	False	['ADV', 'SPACE', 'SCONJ', 'SPACE', 'SPACE', 'AUX', 'SPACE', 'VERB']	False	False	1	False	False	False	True	0	0	False	nsubj	False	False
27	38	3	2	0	False	['SPACE', 'ADJ', 'PUNCT', 'SPACE', 'SPACE', 'AUX', 'SPACE', 'ADV']	False	False	1	False	False	False	False	0	0	False	nsubj	False	False
9	10	1	1	0	False	['PART', 'SPACE', 'VERB', 'SPACE', 'PUNCT', 'ABS', 'ABS', 'ABS']	False	False	0	False	False	False	False	0	0	False	dobj	False	False
3	8	1	0	0	False	['ABS', 'ABS', 'AUX', 'SPACE', 'SPACE', 'AUX', 'SPACE', 'ADJ']	False	False	1	False	False	False	False	0	0	False	nsubj	False	False
7	14	1	0	0	False	['SCONJ', 'SPACE', 'AUX', 'SPACE', 'SPACE', 'PART', 'SPACE', 'AUX']	False	False	1	False	False	False	False	0	0	False	nsubj	False	False
1	95	7	0	10	False	['ABS', 'ABS', 'ABS', 'ABS', 'SPACE', 'AUX', 'SPACE', 'DET']	False	False	6	False	False	False	True	0	47	False	nsubj	False	False
23	36	4	2	0	False	['ADP', 'PUNCT', 'CCONJ', 'SPACE', 'SPACE', 'AUX', 'SPACE', 'VERB']	False	False	1	False	False	False	False	0	5	False	nsubj	False	False
15	16	1	2	0	False	['ADJ', 'SPACE', 'ADP', 'SPACE', 'PUNCT', 'ABS', 'ABS', 'ABS']	False	False	0	False	False	False	False	0	0	False	pobj	False	False
11	14	2	1	0	False	['PART', 'SPACE', 'VERB', 'SPACE', 'SPACE', 'VERB', 'PUNCT', 'ABS']	False	False	0	False	False	False	False	0	0	False	nsubj	False	False
7	12	1	1	1	False	['NOUN', 'SPACE', 'VERB', 'SPACE', 'SPACE', 'ADP', 'SPACE', 'NOUN']	False	False	0	False	False	False	False	0	1	False	dobj	False	False
3	24	1	0	2	False	['ABS', 'ABS', 'CCONJ', 'SPACE', 'SPACE', 'AUX', 'SPACE', 'ADV']	False	False	1	False	False	False	True	0	11	False	nsubj	False	False
6	15	2	0	1	False	['SPACE', 'NOUN', 'PUNCT', 'SPACE', 'SPACE', 'VERB', 'SPACE', 'PROPN']	False	False	0	False	False	False	False	0	0	False	nsubj	False	False
9	14	1	1	0	False	['AUX', 'SPACE', 'VERB', 'SPACE', 'SPACE', 'PRON', 'SPACE', 'ADV']	False	False	0	False	False	False	False	0	0	False	dobj	False	False
19	26	3	3	1	False	['ADV', 'SPACE', 'VERB', 'SPACE', 'SPACE', 'AUX', 'SPACE', 'VERB']	False	False	0	False	False	False	False	0	0	False	nsubj	False	False
8	17	1	1	1	False	['PART', 'SPACE', 'VERB', 'SPACE', 'SPACE', 'AUX', 'SPACE', 'ADP']	False	False	0	False	False	False	False	0	3	False	nsubj	False	False
1	12	1	0	1	False	['ABS', 'ABS', 'ABS', 'ABS', 'SPACE', 'AUX', 'SPACE', 'ADP']	False	False	1	False	False	False	True	0	3	False	nsubj	False	False
25	36	2	3	1	False	['CCONJ', 'SPACE', 'ADV', 'SPACE', 'SPACE', 'VERB', 'SPACE', 'DET']	False	False	1	False	False	False	True	0	0	False	nsubj	False	False
43	50	3	6	0	False	['NOUN', 'SPACE', 'SCONJ', 'SPACE', 'SPACE', 'AUX', 'SPACE', 'VERB']	False	False	0	False	False	False	False	0	0	False	nsubj	False	False
7	19	2	1	1	False	['AUX', 'SPACE', 'VERB', 'SPACE', 'SPACE', 'ADP', 'SPACE', 'ADJ']	False	False	1	False	False	False	False	0	1	False	dobj	False	False
7	19	2	1	1	False	['AUX', 'SPACE', 'VERB', 'SPACE', 'SPACE', 'ADP', 'SPACE', 'ADJ']	False	False	1	False	False	False	False	0	1	False	dobj	False	False
8	18	2	1	2	False	['PART', 'SPACE', 'VERB', 'SPACE', 'SPACE', 'DET', 'SPACE', 'NOUN']	False	False	0	False	False	False	False	0	0	False	dobj	False	False
1	9	1	0	0	False	['ABS', 'ABS', 'ABS', 'ABS', 'AUX', 'SPACE', 'ADV', 'SPACE']	False	False	1	False	False	False	False	0	0	False	nsubj	False	False
18	33	2	1	2	False	['PUNCT', 'SPACE', 'VERB', 'SPACE', 'SPACE', 'ADP', 'SPACE', 'DET']	False	False	1	False	False	False	True	0	1	False	dobj	False	False
57	62	8	7	1	False	['NOUN', 'SPACE', 'ADP', 'SPACE', 'SPACE', 'ADP', 'SPACE', 'NOUN']	False	False	0	False	False	False	False	0	1	False	pobj	False	False
16	25	1	2	0	False	['VERB', 'SPACE', 'SCONJ', 'SPACE', 'SPACE', 'AUX', 'SPACE', 'AUX']	False	False	0	False	False	False	False	0	0	False	nsubjpass	False	False
7	10	1	1	0	False	['PRON', 'SPACE', 'AUX', 'SPACE', 'SPACE', 'VERB', 'PUNCT', 'ABS']	False	False	0	False	False	False	False	0	0	False	nsubj	False	False
7	37	2	1	4	False	['PROPN', 'SPACE', 'VERB', 'SPACE', 'SPACE', 'VERB', 'PUNCT', 'SPACE']	False	False	1	False	False	False	False	0	12	False	nsubj	False	False
7	37	2	1	4	False	['PROPN', 'SPACE', 'VERB', 'SPACE', 'SPACE', 'VERB', 'PUNCT', 'SPACE']	False	False	1	False	False	False	False	0	12	False	nsubj	False	False
11	21	2	2	1	False	['PROPN', 'SPACE', 'VERB', 'SPACE', 'SPACE', 'VERB', 'PUNCT', 'SPACE']	False	False	0	False	False	False	False	0	0	False	nsubj	False	False
16	28	3	2	1	False	['ADP', 'SPACE', 'VERB', 'SPACE', 'SPACE', 'VERB', 'SPACE', 'ADV']	False	False	0	False	False	False	False	0	0	False	nsubj	False	False
1	70	4	0	8	False	['ABS', 'ABS', 'ABS', 'ABS', 'SPACE', 'AUX', 'SPACE', 'ADJ']	False	False	4	False	False	False	False	0	53	False	nsubj	False	False
3	16	1	0	1	False	['ABS', 'ABS', 'ADV', 'SPACE', 'SPACE', 'AUX', 'SPACE', 'ADV']	False	False	1	False	False	False	False	0	7	False	nsubj	False	False
1	16	2	0	0	False	['ABS', 'ABS', 'ABS', 'ABS', 'AUX', 'SPACE', 'ADV', 'SPACE']	False	False	2	False	False	False	False	0	4	False	nsubj	False	False
28	35	4	3	0	False	['AUX', 'SPACE', 'VERB', 'SPACE', 'SPACE', 'PRON', 'SPACE', 'DET']	False	False	1	False	False	False	False	0	0	False	dobj	False	False
32	33	2	4	0	False	['NOUN', 'SPACE', 'ADP', 'SPACE', 'PUNCT', 'ABS', 'ABS', 'ABS']	False	False	0	False	False	False	False	0	0	False	pobj	False	False
5	21	2	1	2	False	['PRON', 'SPACE', 'VERB', 'SPACE', 'SPACE', 'ADV', 'SPACE', 'ADP']	False	False	0	False	False	False	False	0	3	False	dobj	False	False
5	21	2	1	2	False	['PRON', 'SPACE', 'VERB', 'SPACE', 'SPACE', 'ADV', 'SPACE', 'ADP']	False	False	0	False	False	False	False	0	3	False	dobj	False	False
15	58	4	2	6	False	['PRON', 'SPACE', 'VERB', 'SPACE', 'SPACE', 'ADP', 'SPACE', 'DET']	False	False	2	False	False	False	True	0	1	False	dobj	False	False
15	58	4	2	6	False	['PRON', 'SPACE', 'VERB', 'SPACE', 'SPACE', 'ADP', 'SPACE', 'DET']	False	False	2	False	False	False	True	0	1	False	dobj	False	False
17	18	1	2	0	False	['ADP', 'SPACE', 'VERB', 'SPACE', 'PUNCT', 'ABS', 'ABS', 'ABS']	False	False	0	False	False	False	False	0	0	False	dobj	False	False
7	15	2	0	0	False	['ADV', 'SPACE', 'ADJ', 'SPACE', 'SPACE', 'AUX', 'SPACE', 'ADV']	False	False	0	False	False	False	False	0	0	False	nsubj	False	False
38	53	3	7	3	False	['PRON', 'SPACE', 'VERB', 'SPACE', 'PUNCT', 'DET', 'SPACE', 'NOUN']	False	False	0	False	False	False	False	0	5	False	dobj	False	False
9	37	2	1	4	False	['PRON', 'SPACE', 'VERB', 'SPACE', 'PUNCT', 'SPACE', 'SCONJ', 'SPACE']	False	False	1	False	False	False	True	0	12	False	dobj	False	False
8	21	1	1	1	False	['AUX', 'SPACE', 'ADJ', 'SPACE', 'SPACE', 'VERB', 'SPACE', 'ADV']	False	False	1	False	False	False	False	0	7	False	nsubj	False	False
20	25	3	2	0	False	['NOUN', 'SPACE', 'VERB', 'SPACE', 'SPACE', 'ADV', 'SPACE', 'ADV']	False	False	0	False	False	False	False	0	0	False	dobj	False	False
7	14	1	1	0	False	['PRON', 'SPACE', 'VERB', 'SPACE', 'SPACE', 'AUX', 'SPACE', 'DET']	False	False	0	False	False	False	False	0	0	False	nsubj	False	False
5	12	1	1	0	False	['PRON', 'SPACE', 'VERB', 'SPACE', 'SPACE', 'AUX', 'SPACE', 'AUX']	False	False	0	False	False	False	False	0	0	False	nsubjpass	False	False
1	36	2	0	4	False	['ABS', 'ABS', 'ABS', 'ABS', 'SPACE', 'AUX', 'SPACE', 'VERB']	False	False	0	False	False	False	False	0	11	False	nsubjpass	False	False
5	17	2	1	2	False	['PRON', 'SPACE', 'VERB', 'SPACE', 'SPACE', 'ADP', 'SPACE', 'DET']	False	False	0	False	False	False	False	0	1	False	dobj	False	False
27	42	1	4	1	False	['PART', 'SPACE', 'VERB', 'SPACE', 'SPACE', 'SCONJ', 'SPACE', 'PRON']	False	False	0	False	False	False	False	0	0	False	dobj	False	False
12	13	2	1	0	False	['CCONJ', 'SPACE', 'VERB', 'SPACE', 'PUNCT', 'ABS', 'ABS', 'ABS']	False	False	0	False	False	False	False	0	0	False	dobj	False	False
15	18	1	2	0	False	['VERB', 'SPACE', 'ADP', 'SPACE', 'SPACE', 'ADV', 'PUNCT', 'ABS']	False	False	0	False	False	False	False	0	0	False	pobj	False	False
1	6	1	0	1	False	['ABS', 'ABS', 'ABS', 'ABS', 'SPACE', 'AUX', 'SPACE', 'PRON']	False	False	0	False	False	False	False	0	0	False	nsubj	False	False
12	37	2	2	5	False	['PRON', 'SPACE', 'VERB', 'SPACE', 'PUNCT', 'SPACE', 'PRON', 'SPACE']	False	False	0	False	False	False	False	0	13	False	dobj	False	False
12	37	2	2	5	False	['PRON', 'SPACE', 'VERB', 'SPACE', 'PUNCT', 'SPACE', 'PRON', 'SPACE']	False	False	0	False	False	False	False	0	13	False	dobj	False	False
13	21	2	2	1	False	['PRON', 'SPACE', 'VERB', 'SPACE', 'PUNCT', 'SPACE', 'VERB', 'SPACE']	False	False	0	False	False	False	False	0	0	False	dobj	False	False
5	37	2	1	4	False	['PRON', 'SPACE', 'VERB', 'SPACE', 'SPACE', 'ADP', 'SPACE', 'PRON']	False	False	1	False	False	False	False	0	1	False	dobj	False	False
5	8	1	1	0	False	['PRON', 'SPACE', 'VERB', 'SPACE', 'SPACE', 'ADV', 'PUNCT', 'ABS']	False	False	0	False	False	False	False	0	0	False	dobj	False	False
9	12	1	2	0	False	['PRON', 'SPACE', 'VERB', 'SPACE', 'SPACE', 'VERB', 'PUNCT', 'ABS']	False	False	0	False	False	False	False	0	0	False	nsubj	False	False
13	14	1	2	0	False	['ADP', 'SPACE', 'VERB', 'SPACE', 'PUNCT', 'ABS', 'ABS', 'ABS']	False	False	0	False	False	False	False	0	0	False	dobj	False	False
19	20	1	3	0	False	['PART', 'SPACE', 'VERB', 'SPACE', 'PUNCT', 'ABS', 'ABS', 'ABS']	False	False	0	False	False	False	False	0	0	False	dobj	False	False
1	16	2	0	2	False	['ABS', 'ABS', 'ABS', 'ABS', 'SPACE', 'VERB', 'SPACE', 'PRON']	False	False	0	False	False	False	False	0	13	False	nsubj	False	False
9	10	2	0	0	False	['PART', 'SPACE', 'VERB', 'SPACE', 'PUNCT', 'ABS', 'ABS', 'ABS']	False	False	0	False	False	False	False	0	0	False	dobj	False	False
1	7	1	0	0	False	['ABS', 'ABS', 'ABS', 'ABS', 'SPACE', 'AUX', 'PART', 'SPACE']	False	False	1	False	False	False	False	0	0	False	nsubj	False	False
1	9	1	0	0	False	['ABS', 'ABS', 'ABS', 'ABS', 'SPACE', 'AUX', 'PART', 'SPACE']	False	False	1	False	False	False	False	0	0	False	nsubj	False	False
8	16	2	1	1	False	['PART', 'SPACE', 'VERB', 'SPACE', 'PUNCT', 'SPACE', 'ADV', 'SPACE']	False	False	0	False	False	False	False	0	4	False	dobj	False	False
11	14	1	2	0	False	['AUX', 'SPACE', 'PRON', 'SPACE', 'SPACE', 'AUX', 'PUNCT', 'ABS']	False	False	0	False	False	False	False	0	0	False	nsubj	False	False
1	14	1	0	0	False	['ABS', 'ABS', 'ABS', 'ABS', 'SPACE', 'AUX', 'SPACE', 'ADV']	False	False	0	False	False	False	False	0	0	False	nsubjpass	False	False
33	34	1	3	0	False	['PART', 'SPACE', 'VERB', 'SPACE', 'PUNCT', 'ABS', 'ABS', 'ABS']	False	False	0	False	False	False	False	0	0	False	dobj	False	False
16	17	2	3	0	False	['PRON', 'SPACE', 'ADP', 'SPACE', 'PUNCT', 'ABS', 'ABS', 'ABS']	False	False	0	False	False	False	False	0	0	False	pobj	False	False
15	40	3	2	3	False	['ADJ', 'SPACE', 'PROPN', 'PUNCT', 'AUX', 'SPACE', 'ADJ', 'SPACE']	False	False	1	False	False	False	True	0	21	False	nsubj	False	False
15	40	3	2	3	False	['ADJ', 'SPACE', 'PROPN', 'PUNCT', 'AUX', 'SPACE', 'ADJ', 'SPACE']	False	False	1	False	False	False	True	0	21	False	nsubj	False	False
3	13	2	0	0	False	['ABS', 'ABS', 'VERB', 'SPACE', 'SPACE', 'ADV', 'SPACE', 'ADV']	False	False	0	False	False	False	False	0	0	False	dobj	False	False
43	53	5	6	1	False	['SPACE', 'PROPN', 'PUNCT', 'SPACE', 'SPACE', 'AUX', 'SPACE', 'VERB']	False	False	0	False	False	False	False	0	0	False	nsubjpass	False	False
3	21	3	0	2	False	['ABS', 'ABS', 'ADV', 'SPACE', 'SPACE', 'AUX', 'SPACE', 'VERB']	False	False	1	False	False	False	False	0	0	False	nsubjpass	False	False
17	31	4	3	0	False	['AUX', 'SPACE', 'ADJ', 'SPACE', 'SPACE', 'AUX', 'SPACE', 'VERB']	False	False	0	False	False	False	False	0	0	False	nsubjpass	False	False
12	55	4	1	4	False	['VERB', 'SPACE', 'SCONJ', 'SPACE', 'SPACE', 'AUX', 'SPACE', 'VERB']	False	False	0	False	False	False	False	0	37	False	nsubjpass	False	False
12	55	4	1	4	False	['VERB', 'SPACE', 'SCONJ', 'SPACE', 'SPACE', 'AUX', 'SPACE', 'VERB']	False	False	0	False	False	False	False	0	37	False	nsubjpass	False	False
7	10	2	2	0	False	['PRON', 'SPACE', 'VERB', 'SPACE', 'SPACE', 'AUX', 'PUNCT', 'ABS']	False	False	0	False	False	False	False	0	0	False	nsubj	False	False
11	12	1	1	0	False	['PART', 'SPACE', 'VERB', 'SPACE', 'PUNCT', 'ABS', 'ABS', 'ABS']	False	False	0	False	False	False	False	0	0	False	dobj	False	False
11	16	1	1	0	False	['VERB', 'SPACE', 'SCONJ', 'SPACE', 'SPACE', 'AUX', 'SPACE', 'VERB']	False	False	0	False	False	False	False	0	0	False	nsubjpass	False	False
13	18	1	2	1	False	['AUX', 'SPACE', 'VERB', 'SPACE', 'SPACE', 'ADP', 'SPACE', 'PRON']	False	False	0	False	False	False	False	0	1	False	dobj	False	False
1	11	1	0	1	False	['ABS', 'ABS', 'ABS', 'ABS', 'AUX', 'SPACE', 'DET', 'SPACE']	False	False	2	False	False	False	True	0	0	False	nsubj	False	False
6	15	2	1	1	False	['SPACE', 'PRON', 'PUNCT', 'SPACE', 'SPACE', 'AUX', 'SPACE', 'ADV']	False	False	1	False	False	False	True	0	0	False	nsubj	False	False
1	15	2	0	1	False	['ABS', 'ABS', 'ABS', 'ABS', 'SPACE', 'AUX', 'SPACE', 'ADP']	False	False	0	False	False	False	False	0	3	False	nsubj	False	False
14	33	2	2	1	False	['PUNCT', 'SPACE', 'CCONJ', 'SPACE', 'SPACE', 'VERB', 'SPACE', 'PRON']	False	False	1	False	False	False	False	0	5	False	nsubj	False	False
9	16	3	1	0	False	['SPACE', 'VERB', 'PUNCT', 'SPACE', 'SPACE', 'ADV', 'SPACE', 'ADV']	False	False	0	False	False	False	False	0	0	False	nsubj	False	False
6	17	2	1	1	False	['SPACE', 'NOUN', 'PUNCT', 'SPACE', 'SPACE', 'AUX', 'SPACE', 'PRON']	False	False	1	False	False	False	True	0	0	False	nsubj	False	False
1	26	3	0	4	False	['ABS', 'ABS', 'ABS', 'ABS', 'SPACE', 'VERB', 'SPACE', 'PRON']	False	False	2	False	False	False	True	0	9	False	nsubj	False	False
48	49	4	4	0	False	['ADJ', 'SPACE', 'ADP', 'SPACE', 'PUNCT', 'ABS', 'ABS', 'ABS']	False	False	0	False	False	False	False	0	0	False	pobj	False	False
9	10	2	0	0	False	['SPACE', 'AUX', 'PART', 'SPACE', 'PUNCT', 'ABS', 'ABS', 'ABS']	False	False	0	False	False	False	False	0	0	False	nsubj	False	False
1	11	1	0	0	False	['ABS', 'ABS', 'ABS', 'ABS', 'SPACE', 'AUX', 'PART', 'SPACE']	False	False	0	False	False	False	False	0	6	False	nsubj	False	False
4	8	2	0	0	False	['ABS', 'AUX', 'PART', 'SPACE', 'PUNCT', 'SPACE', 'ADV', 'PUNCT']	False	False	0	False	False	False	False	0	0	False	ROOT	False	False
1	34	1	0	2	False	['ABS', 'ABS', 'ABS', 'ABS', 'SPACE', 'AUX', 'SPACE', 'VERB']	False	False	2	False	False	False	False	0	9	False	nsubj	False	False
21	37	5	4	4	False	['PUNCT', 'SPACE', 'PROPN', 'PUNCT', 'AUX', 'SPACE', 'DET', 'SPACE']	False	False	0	False	False	False	False	0	6	False	nsubj	False	False
13	14	3	1	0	False	['AUX', 'SPACE', 'VERB', 'SPACE', 'PUNCT', 'ABS', 'ABS', 'ABS']	False	False	0	False	False	False	False	0	0	False	dobj	False	False
8	9	2	1	0	False	['PRON', 'SPACE', 'VERB', 'SPACE', 'PUNCT', 'ABS', 'ABS', 'ABS']	False	False	0	False	False	False	False	0	0	False	dobj	False	False
1	12	1	0	0	False	['ABS', 'ABS', 'ABS', 'ABS', 'SPACE', 'AUX', 'SPACE', 'AUX']	False	False	1	False	False	False	False	0	0	False	nsubj	False	False
6	11	2	0	0	False	['PUNCT', 'SPACE', 'CCONJ', 'SPACE', 'SPACE', 'AUX', 'SPACE', 'ADJ']	False	False	1	False	False	False	False	0	0	False	nsubj	False	False
15	20	3	1	0	False	['AUX', 'SPACE', 'VERB', 'SPACE', 'SPACE', 'VERB', 'SPACE', 'ADV']	False	False	0	False	False	False	False	0	0	False	nsubj	False	False
5	15	2	1	2	False	['PROPN', 'SPACE', 'VERB', 'SPACE', 'SPACE', 'VERB', 'PUNCT', 'PRON']	False	False	0	False	False	False	False	0	0	False	nsubj	False	False
4	15	3	0	1	False	['ABS', 'INTJ', 'PUNCT', 'SPACE', 'SPACE', 'AUX', 'PART', 'PUNCT']	False	False	0	False	False	False	False	0	0	False	nsubj	False	False
9	22	1	1	1	False	['CCONJ', 'SPACE', 'VERB', 'SPACE', 'SPACE', 'AUX', 'SPACE', 'PART']	False	False	0	False	False	False	False	0	7	False	nsubj	False	False
74	79	4	6	1	False	['ADP', 'SPACE', 'VERB', 'SPACE', 'SPACE', 'NOUN', 'SPACE', 'NOUN']	False	False	0	False	False	False	False	0	0	False	dobj	False	False
33	50	4	4	2	False	['PUNCT', 'SPACE', 'SCONJ', 'SPACE', 'SPACE', 'AUX', 'SPACE', 'AUX']	False	False	0	False	False	False	False	0	5	False	nsubj	False	False
12	13	1	2	0	False	['PART', 'SPACE', 'VERB', 'SPACE', 'PUNCT', 'ABS', 'ABS', 'ABS']	False	False	0	False	False	False	False	0	0	False	dobj	False	False
32	51	3	4	2	False	['CCONJ', 'SPACE', 'VERB', 'SPACE', 'SPACE', 'ADP', 'SPACE', 'ADV']	False	False	1	False	False	False	False	0	1	False	dobj	False	False
32	51	3	4	2	False	['CCONJ', 'SPACE', 'VERB', 'SPACE', 'SPACE', 'ADP', 'SPACE', 'ADV']	False	False	1	False	False	False	False	0	1	False	dobj	False	False
13	14	1	1	0	False	['CCONJ', 'SPACE', 'VERB', 'SPACE', 'PUNCT', 'ABS', 'ABS', 'ABS']	False	False	0	False	False	False	False	0	0	False	dobj	False	False
23	24	3	3	0	False	['NOUN', 'SPACE', 'ADP', 'SPACE', 'PUNCT', 'ABS', 'ABS', 'ABS']	False	False	0	False	False	False	False	0	0	False	pobj	False	False
27	28	2	3	0	False	['NOUN', 'SPACE', 'ADP', 'SPACE', 'PUNCT', 'ABS', 'ABS', 'ABS']	False	False	0	False	False	False	False	0	0	False	pobj	False	False
14	17	2	2	0	False	['NOUN', 'SPACE', 'NOUN', 'SPACE', 'SPACE', 'ADP', 'PUNCT', 'ABS']	False	False	0	False	False	False	False	0	1	False	dobj	False	False
30	37	2	3	1	False	['PROPN', 'SPACE', 'VERB', 'SPACE', 'SPACE', 'ADP', 'SPACE', 'PRON']	False	False	0	False	False	False	False	0	1	False	dobj	False	False
1	39	2	0	4	False	['ABS', 'ABS', 'ABS', 'ABS', 'SPACE', 'VERB', 'SPACE', 'PRON']	False	False	2	False	False	False	True	0	0	False	nsubj	False	False
9	10	1	1	0	False	['PART', 'SPACE', 'VERB', 'SPACE', 'PUNCT', 'ABS', 'ABS', 'ABS']	False	False	0	False	False	False	False	0	0	False	dobj	False	False
19	28	5	2	1	False	['SPACE', 'ADV', 'PUNCT', 'SPACE', 'SPACE', 'AUX', 'SPACE', 'PART']	False	False	0	False	False	False	False	0	0	False	nsubj	False	False
15	16	1	2	0	False	['VERB', 'SPACE', 'ADP', 'SPACE', 'PUNCT', 'ABS', 'ABS', 'ABS']	False	False	0	False	False	False	False	0	0	False	pobj	False	False
9	10	1	1	0	False	['ADV', 'SPACE', 'VERB', 'SPACE', 'PUNCT', 'ABS', 'ABS', 'ABS']	False	False	0	False	False	False	False	0	0	False	dobj	False	False
4	44	5	0	4	False	['ABS', 'INTJ', 'PUNCT', 'SPACE', 'SPACE', 'AUX', 'SPACE', 'PRON']	False	False	1	False	False	False	True	0	34	False	nsubj	False	False
11	12	1	1	0	False	['ADJ', 'SPACE', 'ADP', 'SPACE', 'PUNCT', 'ABS', 'ABS', 'ABS']	False	False	0	False	False	False	False	0	0	False	pobj	False	False
5	14	1	1	1	False	['PRON', 'SPACE', 'VERB', 'SPACE', 'SPACE', 'ADV', 'SPACE', 'ADP']	False	False	0	False	False	False	False	0	3	False	dobj	False	False
1	40	3	0	4	False	['ABS', 'ABS', 'ABS', 'ABS', 'SPACE', 'AUX', 'SPACE', 'DET']	False	False	2	False	False	False	True	0	11	False	nsubj	False	False
8	20	1	1	2	False	['SPACE', 'NOUN', 'PUNCT', 'SPACE', 'SPACE', 'VERB', 'SPACE', 'DET']	False	False	0	False	False	False	False	0	9	False	nsubj	False	False
18	40	9	2	1	False	['PUNCT', 'SPACE', 'CCONJ', 'SPACE', 'SPACE', 'AUX', 'SPACE', 'VERB']	False	False	2	False	False	False	False	0	5	False	nsubjpass	False	False
1	8	1	0	1	False	['ABS', 'ABS', 'ABS', 'ABS', 'SPACE', 'AUX', 'SPACE', 'AUX']	False	False	0	False	False	False	False	0	0	False	nsubj	False	False
3	10	1	0	1	False	['ABS', 'ABS', 'CCONJ', 'SPACE', 'SPACE', 'AUX', 'SPACE', 'AUX']	False	False	0	False	False	False	False	0	0	False	nsubj	False	False
1	10	0	0	1	False	['ABS', 'ABS', 'ABS', 'ABS', 'SPACE', 'ADV', 'SPACE', 'AUX']	False	False	0	False	False	False	False	0	0	False	nsubj	False	False
1	8	1	0	1	False	['ABS', 'ABS', 'ABS', 'ABS', 'SPACE', 'AUX', 'SPACE', 'DET']	False	False	0	False	False	False	False	0	0	False	nsubj	False	False
5	17	2	0	1	False	['SCONJ', 'SPACE', 'AUX', 'SPACE', 'SPACE', 'VERB', 'SPACE', 'ADP']	False	False	0	False	False	False	False	0	3	False	nsubj	False	False
1	12	1	0	2	False	['ABS', 'ABS', 'ABS', 'ABS', 'SPACE', 'VERB', 'SPACE', 'DET']	False	False	0	False	False	False	False	0	7	False	nsubj	False	False
24	44	5	3	2	False	['VERB', 'SPACE', 'ADP', 'SPACE', 'PUNCT', 'SPACE', 'CCONJ', 'PUNCT']	False	False	1	False	False	False	False	0	0	False	pobj	False	False
19	30	3	3	2	False	['PRON', 'SPACE', 'VERB', 'SPACE', 'SPACE', 'ADP', 'SPACE', 'NOUN']	False	False	0	False	False	False	False	0	1	False	dobj	False	False
22	27	3	3	0	False	['VERB', 'SPACE', 'SCONJ', 'SPACE', 'SPACE', 'AUX', 'SPACE', 'VERB']	False	False	0	False	False	False	False	0	0	False	nsubjpass	False	False
24	38	5	4	0	False	['NOUN', 'PUNCT', 'SCONJ', 'SPACE', 'SPACE', 'AUX', 'SPACE', 'VERB']	False	False	1	False	False	False	False	0	0	False	nsubj	False	False
13	43	5	1	4	False	['PRON', 'SPACE', 'VERB', 'SPACE', 'PUNCT', 'SPACE', 'PRON', 'SPACE']	False	False	0	False	False	False	False	0	26	False	dobj	False	False
11	20	1	1	1	False	['CCONJ', 'SPACE', 'VERB', 'SPACE', 'SPACE', 'ADV', 'SPACE', 'ADP']	False	False	0	False	False	False	False	0	3	False	dobj	False	False
17	38	3	1	2	False	['SPACE', 'ADJ', 'PUNCT', 'SPACE', 'SPACE', 'AUX', 'SPACE', 'PART']	False	False	1	False	False	False	True	0	5	False	nsubj	False	False
1	16	2	0	3	False	['ABS', 'ABS', 'ABS', 'ABS', 'SPACE', 'AUX', 'SPACE', 'DET']	False	False	1	False	False	False	True	0	0	False	nsubj	False	False
17	44	1	3	3	False	['VERB', 'SPACE', 'SCONJ', 'SPACE', 'SPACE', 'AUX', 'SPACE', 'DET']	False	False	1	False	False	False	True	0	9	False	nsubj	False	False
29	44	3	3	1	False	['VERB', 'SPACE', 'SCONJ', 'SPACE', 'SPACE', 'AUX', 'SPACE', 'VERB']	False	False	0	False	False	False	False	0	5	False	nsubj	False	False
1	16	3	0	1	False	['ABS', 'ABS', 'ABS', 'ABS', 'SPACE', 'AUX', 'PUNCT', 'SPACE']	False	False	0	False	False	False	False	0	0	False	nsubj	False	False
20	21	2	2	0	False	['VERB', 'SPACE', 'ADP', 'SPACE', 'PUNCT', 'ABS', 'ABS', 'ABS']	False	False	0	False	False	False	False	0	0	False	pobj	False	False
53	58	4	5	1	False	['CCONJ', 'SPACE', 'VERB', 'SPACE', 'SPACE', 'ADP', 'SPACE', 'PRON']	False	False	0	False	False	False	False	0	1	False	dobj	False	False
5	14	1	1	1	False	['DET', 'SPACE', 'NOUN', 'SPACE', 'SPACE', 'AUX', 'SPACE', 'VERB']	False	False	0	False	False	False	False	0	0	False	nsubj	False	False
19	20	1	3	0	False	['ADP', 'SPACE', 'ADP', 'SPACE', 'PUNCT', 'ABS', 'ABS', 'ABS']	False	False	0	False	False	False	False	0	0	False	pobj	False	False
16	17	2	2	0	False	['VERB', 'SPACE', 'ADP', 'SPACE', 'PUNCT', 'ABS', 'ABS', 'ABS']	False	False	0	False	False	False	False	0	0	False	pobj	False	False
28	37	2	3	1	False	['PUNCT', 'SPACE', 'SCONJ', 'SPACE', 'SPACE', 'VERB', 'SPACE', 'ADJ']	False	False	2	False	False	False	True	0	0	False	nsubj	False	False
25	58	4	4	5	False	['PRON', 'SPACE', 'ADP', 'SPACE', 'SPACE', 'ADP', 'SPACE', 'DET']	False	False	1	False	False	False	False	0	1	False	pobj	False	False
48	67	2	7	2	False	['VERB', 'SPACE', 'SCONJ', 'SPACE', 'SPACE', 'AUX', 'SPACE', 'AUX']	False	False	0	False	False	False	False	0	7	False	nsubjpass	False	False
57	87	6	6	3	False	['NOUN', 'SPACE', 'SCONJ', 'SPACE', 'SPACE', 'AUX', 'SPACE', 'VERB']	False	False	0	False	False	False	False	0	5	False	nsubjpass	False	False
1	29	2	0	3	False	['ABS', 'ABS', 'ABS', 'ABS', 'SPACE', 'AUX', 'SPACE', 'AUX']	False	False	0	False	False	False	False	0	18	False	nsubj	False	False
38	39	2	5	0	False	['VERB', 'SPACE', 'ADP', 'SPACE', 'PUNCT', 'ABS', 'ABS', 'ABS']	False	False	0	False	False	False	False	0	0	False	pobj	False	False
1	26	1	0	2	False	['ABS', 'ABS', 'ABS', 'ABS', 'SPACE', 'AUX', 'SPACE', 'ADV']	False	False	0	False	False	False	False	0	9	False	nsubjpass	False	False
13	22	3	1	1	False	['AUX', 'SPACE', 'VERB', 'SPACE', 'SPACE', 'ADP', 'SPACE', 'DET']	False	False	0	False	False	False	False	0	1	False	dobj	False	False
11	45	2	1	4	False	['VERB', 'SPACE', 'SCONJ', 'SPACE', 'SPACE', 'AUX', 'SPACE', 'VERB']	False	False	0	False	False	False	False	0	5	False	nsubjpass	False	False
11	45	2	1	4	False	['VERB', 'SPACE', 'SCONJ', 'SPACE', 'SPACE', 'AUX', 'SPACE', 'VERB']	False	False	0	False	False	False	False	0	5	False	nsubjpass	False	False
6	15	1	0	1	False	['PART', 'SPACE', 'VERB', 'SPACE', 'SPACE', 'AUX', 'SPACE', 'VERB']	False	False	0	False	False	False	False	0	5	False	nsubjpass	False	False
7	14	1	0	1	False	['AUX', 'SPACE', 'VERB', 'SPACE', 'SPACE', 'SCONJ', 'SPACE', 'PRON']	False	False	0	False	False	False	False	0	0	False	dobj	False	False
7	14	1	0	1	False	['AUX', 'SPACE', 'VERB', 'SPACE', 'SPACE', 'SCONJ', 'SPACE', 'PRON']	False	False	0	False	False	False	False	0	0	False	dobj	False	False
24	38	3	2	2	False	['CCONJ', 'SPACE', 'ADV', 'SPACE', 'SPACE', 'VERB', 'PUNCT', 'SPACE']	False	False	0	False	False	False	False	0	0	False	nsubj	False	False
19	20	1	2	0	False	['NOUN', 'SPACE', 'ADP', 'SPACE', 'PUNCT', 'ABS', 'ABS', 'ABS']	False	False	0	False	False	False	False	0	0	False	pobj	False	False
15	16	1	1	0	False	['VERB', 'SPACE', 'ADP', 'SPACE', 'PUNCT', 'ABS', 'ABS', 'ABS']	False	False	0	False	False	False	False	0	0	False	pobj	False	False
29	30	1	4	0	False	['VERB', 'SPACE', 'ADP', 'SPACE', 'PUNCT', 'ABS', 'ABS', 'ABS']	False	False	0	False	False	False	False	0	0	False	pobj	False	False
11	12	1	1	0	False	['ADV', 'SPACE', 'VERB', 'SPACE', 'PUNCT', 'ABS', 'ABS', 'ABS']	False	False	0	False	False	False	False	0	0	False	dobj	False	False
9	12	1	1	0	False	['PART', 'SPACE', 'VERB', 'SPACE', 'SPACE', 'PRON', 'PUNCT', 'ABS']	False	False	0	False	False	False	False	0	0	False	dobj	False	False
15	16	1	2	0	False	['PRON', 'SPACE', 'VERB', 'SPACE', 'PUNCT', 'ABS', 'ABS', 'ABS']	False	False	0	False	False	False	False	0	0	False	dobj	False	False
4	16	2	0	1	False	['ABS', 'INTJ', 'PUNCT', 'SPACE', 'SPACE', 'AUX', 'SPACE', 'ADP']	False	False	0	False	False	False	False	0	3	False	nsubj	False	False
1	23	2	0	2	False	['ABS', 'ABS', 'ABS', 'ABS', 'SPACE', 'AUX', 'SPACE', 'VERB']	False	False	1	False	False	False	True	0	5	False	nsubjpass	False	False
15	22	1	1	1	False	['ADV', 'SPACE', 'SCONJ', 'SPACE', 'SPACE', 'VERB', 'SPACE', 'ADP']	False	False	0	False	False	False	False	0	3	False	nsubj	False	False
1	18	3	0	2	False	['ABS', 'ABS', 'ABS', 'ABS', 'SPACE', 'AUX', 'PUNCT', 'SPACE']	False	False	0	False	False	False	False	0	4	False	nsubj	False	False
56	73	4	7	2	False	['ADP', 'SPACE', 'VERB', 'SPACE', 'SPACE', 'ADP', 'SPACE', 'DET']	False	False	0	False	False	False	False	0	1	False	dobj	False	False
60	61	2	9	0	False	['NOUN', 'SPACE', 'VERB', 'SPACE', 'PUNCT', 'ABS', 'ABS', 'ABS']	False	False	0	False	False	False	False	0	0	False	dobj	False	False
1	46	5	0	3	False	['ABS', 'ABS', 'ABS', 'ABS', 'SPACE', 'AUX', 'SPACE', 'AUX']	False	False	0	False	False	False	False	0	7	False	nsubjpass	False	False
3	58	1	0	8	False	['ABS', 'ABS', 'AUX', 'SPACE', 'SPACE', 'PART', 'SPACE', 'VERB']	False	False	2	False	False	False	True	0	7	False	nsubj	False	False
8	15	2	1	1	False	['SPACE', 'NOUN', 'PUNCT', 'SPACE', 'SPACE', 'AUX', 'SPACE', 'NOUN']	False	False	0	False	False	False	False	0	0	False	nsubj	False	False
7	14	2	1	1	False	['AUX', 'SPACE', 'VERB', 'SPACE', 'PUNCT', 'SPACE', 'AUX', 'PART']	False	False	0	False	False	False	False	0	0	False	dobj	False	False
39	40	2	5	0	False	['NOUN', 'SPACE', 'ADP', 'SPACE', 'PUNCT', 'ABS', 'ABS', 'ABS']	False	False	0	False	False	False	False	0	0	False	pobj	False	False
11	14	1	1	0	False	['PRON', 'SPACE', 'VERB', 'SPACE', 'SPACE', 'ADP', 'PUNCT', 'ABS']	False	False	0	False	False	False	False	0	1	False	dobj	False	False
11	55	3	2	5	False	['ADV', 'SPACE', 'SCONJ', 'SPACE', 'SPACE', 'AUX', 'SPACE', 'ADV']	False	False	0	False	False	False	False	0	20	False	nsubj	False	False
11	55	3	2	5	False	['ADV', 'SPACE', 'SCONJ', 'SPACE', 'SPACE', 'AUX', 'SPACE', 'ADV']	False	False	0	False	False	False	False	0	20	False	nsubj	False	False
12	30	4	1	1	False	['VERB', 'SPACE', 'SCONJ', 'SPACE', 'SPACE', 'AUX', 'SPACE', 'AUX']	False	False	0	False	False	False	False	0	0	False	nsubj	False	False
37	58	2	4	2	False	['PUNCT', 'SPACE', 'CCONJ', 'SPACE', 'SPACE', 'AUX', 'SPACE', 'VERB']	False	False	2	False	False	False	True	0	5	False	nsubjpass	False	False
7	31	2	0	2	False	['ADV', 'SPACE', 'AUX', 'SPACE', 'SPACE', 'ADV', 'SPACE', 'NOUN']	False	False	1	False	False	False	True	0	14	False	nsubj	False	False
7	31	2	0	2	False	['ADV', 'SPACE', 'AUX', 'SPACE', 'SPACE', 'ADV', 'SPACE', 'NOUN']	False	False	1	False	False	False	True	0	14	False	nsubj	False	False
21	24	1	3	0	False	['CCONJ', 'SPACE', 'VERB', 'SPACE', 'SPACE', 'ADV', 'PUNCT', 'ABS']	False	False	0	False	False	False	False	0	0	False	dobj	False	False
34	51	2	5	1	False	['CCONJ', 'SPACE', 'DET', 'SPACE', 'SPACE', 'CCONJ', 'SPACE', 'PRON']	False	False	2	False	False	False	True	0	0	False	nsubj	False	False
64	75	4	8	1	False	['PUNCT', 'SPACE', 'CCONJ', 'SPACE', 'SPACE', 'AUX', 'SPACE', 'AUX']	False	False	0	False	False	False	False	0	7	False	nsubjpass	False	False
24	25	3	3	0	False	['NOUN', 'SPACE', 'ADP', 'SPACE', 'PUNCT', 'ABS', 'ABS', 'ABS']	False	False	0	False	False	False	False	0	0	False	pobj	False	False
11	40	5	1	3	False	['VERB', 'SPACE', 'SCONJ', 'SPACE', 'SPACE', 'VERB', 'SPACE', 'DET']	False	False	1	False	False	False	True	0	9	False	nsubj	False	False
5	24	2	1	3	False	['PRON', 'SPACE', 'VERB', 'SPACE', 'SPACE', 'ADP', 'SPACE', 'PRON']	False	False	1	False	False	False	True	0	1	False	dobj	False	False
1	16	1	0	1	False	['ABS', 'ABS', 'ABS', 'ABS', 'SPACE', 'AUX', 'SPACE', 'ADV']	False	False	0	False	False	False	False	0	7	False	nsubj	False	False
22	46	4	3	3	False	['NOUN', 'SPACE', 'ADP', 'SPACE', 'SPACE', 'ADP', 'SPACE', 'PRON']	False	False	1	False	False	False	True	0	1	False	pobj	False	False
17	22	4	3	1	False	['AUX', 'SPACE', 'VERB', 'SPACE', 'SPACE', 'ADP', 'SPACE', 'PRON']	False	False	0	False	False	False	False	0	1	False	dobj	False	False
20	21	2	3	0	False	['PRON', 'SPACE', 'VERB', 'SPACE', 'PUNCT', 'ABS', 'ABS', 'ABS']	False	False	0	False	False	False	False	0	0	False	dobj	False	False
54	67	4	5	1	False	['ADV', 'SPACE', 'SCONJ', 'SPACE', 'SPACE', 'AUX', 'SPACE', 'AUX']	False	False	0	False	False	False	False	0	0	False	nsubj	False	False
22	61	2	3	4	False	['PRON', 'SPACE', 'VERB', 'SPACE', 'SPACE', 'VERB', 'SPACE', 'ADP']	False	False	1	False	False	False	False	0	3	False	nsubj	False	False
25	32	1	4	1	False	['PART', 'SPACE', 'VERB', 'SPACE', 'SPACE', 'ADP', 'SPACE', 'ADJ']	False	False	1	False	False	False	True	0	1	False	dobj	False	False
9	34	2	1	4	False	['PRON', 'SPACE', 'VERB', 'SPACE', 'SPACE', 'ADP', 'SPACE', 'PRON']	False	False	1	False	False	False	True	0	1	False	dobj	False	False
9	34	2	1	4	False	['PRON', 'SPACE', 'VERB', 'SPACE', 'SPACE', 'ADP', 'SPACE', 'PRON']	False	False	1	False	False	False	True	0	1	False	dobj	False	False
23	51	2	3	5	False	['NOUN', 'SPACE', 'ADP', 'SPACE', 'PUNCT', 'SPACE', 'SCONJ', 'SPACE']	False	False	1	False	False	False	True	0	0	False	pobj	False	False
29	30	1	3	0	False	['ADV', 'SPACE', 'VERB', 'SPACE', 'PUNCT', 'ABS', 'ABS', 'ABS']	False	False	0	False	False	False	False	0	0	False	dobj	False	False
5	35	3	1	4	False	['PRON', 'SPACE', 'VERB', 'SPACE', 'SPACE', 'ADP', 'PUNCT', 'SPACE']	False	False	0	False	False	False	False	0	1	False	dobj	False	False
9	18	1	1	1	False	['ADV', 'SPACE', 'VERB', 'SPACE', 'SPACE', 'ADV', 'SPACE', 'SCONJ']	False	False	0	False	False	False	False	0	0	False	dobj	False	False
31	36	4	2	1	False	['ADJ', 'PUNCT', 'CCONJ', 'SPACE', 'SPACE', 'VERB', 'SPACE', 'PRON']	False	False	0	False	False	False	False	0	0	False	nsubj	False	False
61	62	4	7	0	False	['PART', 'SPACE', 'VERB', 'SPACE', 'PUNCT', 'ABS', 'ABS', 'ABS']	False	False	0	False	False	False	False	0	0	False	dobj	False	False
5	43	4	1	6	False	['PRON', 'SPACE', 'VERB', 'SPACE', 'SPACE', 'ADP', 'SPACE', 'PUNCT']	False	False	0	False	False	False	False	0	1	False	dobj	False	False
5	43	4	1	6	False	['PRON', 'SPACE', 'VERB', 'SPACE', 'SPACE', 'ADP', 'SPACE', 'PUNCT']	False	False	0	False	False	False	False	0	1	False	dobj	False	False
24	39	2	4	2	False	['VERB', 'SPACE', 'SCONJ', 'SPACE', 'SPACE', 'VERB', 'SPACE', 'ADV']	False	False	0	False	False	False	False	0	0	False	nsubj	False	False
24	39	2	4	2	False	['VERB', 'SPACE', 'SCONJ', 'SPACE', 'SPACE', 'VERB', 'SPACE', 'ADV']	False	False	0	False	False	False	False	0	0	False	nsubj	False	False
54	121	12	7	6	False	['ADV', 'SPACE', 'VERB', 'SPACE', 'PUNCT', 'SPACE', 'SCONJ', 'SPACE']	False	False	2	False	False	False	False	0	57	False	dobj	False	False
22	29	2	3	0	False	['CCONJ', 'SPACE', 'VERB', 'SPACE', 'SPACE', 'PART', 'SPACE', 'AUX']	False	False	0	False	False	False	False	0	0	False	dobj	False	False
9	26	3	1	1	False	['PART', 'SPACE', 'VERB', 'SPACE', 'SPACE', 'VERB', 'PUNCT', 'SPACE']	False	False	1	False	False	False	False	0	11	False	nsubj	False	False
64	77	5	8	1	False	['PUNCT', 'SPACE', 'SCONJ', 'SPACE', 'SPACE', 'AUX', 'SPACE', 'VERB']	False	False	0	False	False	False	False	0	7	False	nsubjpass	False	False
9	10	1	1	0	False	['ADV', 'SPACE', 'VERB', 'SPACE', 'PUNCT', 'ABS', 'ABS', 'ABS']	False	False	0	False	False	False	False	0	0	False	dobj	False	False
16	19	2	1	0	False	['CCONJ', 'SPACE', 'AUX', 'SPACE', 'SPACE', 'PART', 'PUNCT', 'ABS']	False	False	0	False	False	False	False	0	0	False	attr	False	False
27	28	3	3	0	False	['ADV', 'SPACE', 'VERB', 'SPACE', 'PUNCT', 'ABS', 'ABS', 'ABS']	False	False	0	False	False	False	False	0	0	False	dobj	False	False
1	54	3	0	7	False	['ABS', 'ABS', 'ABS', 'ABS', 'SPACE', 'AUX', 'SPACE', 'ADV']	False	False	4	False	False	False	True	0	18	False	nsubj	False	False
1	54	3	0	7	False	['ABS', 'ABS', 'ABS', 'ABS', 'SPACE', 'AUX', 'SPACE', 'ADV']	False	False	4	False	False	False	True	0	18	False	nsubj	False	False
67	84	5	8	2	False	['AUX', 'SPACE', 'VERB', 'SPACE', 'SPACE', 'SCONJ', 'SPACE', 'DET']	False	False	1	False	False	False	True	0	7	False	dobj	False	False
51	64	3	5	2	False	['CCONJ', 'SPACE', 'VERB', 'SPACE', 'SPACE', 'ADP', 'SPACE', 'DET']	False	False	0	False	False	False	False	0	1	False	dobj	False	False
35	44	3	5	0	False	['CCONJ', 'SPACE', 'VERB', 'SPACE', 'SPACE', 'ADP', 'SPACE', 'ADV']	False	False	0	False	False	False	False	0	1	False	dobj	False	False
13	14	1	1	0	False	['PART', 'SPACE', 'VERB', 'SPACE', 'PUNCT', 'ABS', 'ABS', 'ABS']	False	False	0	False	False	False	False	0	0	False	dobj	False	False
1	14	2	0	1	False	['ABS', 'ABS', 'ABS', 'ABS', 'SPACE', 'AUX', 'SPACE', 'ADV']	False	False	0	False	False	False	False	0	7	False	nsubj	False	False
63	65	4	9	0	False	['PRON', 'SPACE', 'ADP', 'SPACE', 'PUNCT', 'PUNCT', 'ABS', 'ABS']	False	False	0	False	False	False	False	0	0	False	pobj	False	False
51	66	3	5	1	False	['CCONJ', 'SPACE', 'VERB', 'SPACE', 'SPACE', 'PART', 'SPACE', 'AUX']	False	False	1	False	False	False	True	0	7	False	nsubjpass	False	False
68	71	3	7	0	False	['NOUN', 'SPACE', 'ADP', 'SPACE', 'SPACE', 'ADJ', 'PUNCT', 'ABS']	False	False	1	False	False	False	False	0	0	False	pobj	False	False
3	46	5	0	4	False	['ABS', 'ABS', 'AUX', 'SPACE', 'SPACE', 'AUX', 'SPACE', 'DET']	False	False	3	False	False	False	False	0	9	False	nsubj	False	False
3	28	3	0	4	False	['ABS', 'ABS', 'SCONJ', 'SPACE', 'SPACE', 'AUX', 'PUNCT', 'SPACE']	False	False	0	False	False	False	False	0	21	False	nsubj	False	False
9	10	1	1	0	False	['PRON', 'SPACE', 'VERB', 'SPACE', 'PUNCT', 'ABS', 'ABS', 'ABS']	False	False	0	False	False	False	False	0	0	False	dobj	False	False
71	96	3	11	3	False	['VERB', 'SPACE', 'SCONJ', 'SPACE', 'SPACE', 'AUX', 'SPACE', 'AUX']	False	False	1	False	False	False	False	0	21	False	nsubj	False	False
3	12	2	0	1	False	['ABS', 'ABS', 'CCONJ', 'SPACE', 'SPACE', 'AUX', 'SPACE', 'ADJ']	False	False	1	False	False	False	False	0	0	False	nsubj	False	False
1	12	1	0	1	False	['ABS', 'ABS', 'ABS', 'ABS', 'SPACE', 'AUX', 'SPACE', 'ADV']	False	False	1	False	False	False	False	0	7	False	nsubj	False	False
49	57	2	4	1	False	['NOUN', 'SPACE', 'SCONJ', 'SPACE', 'SPACE', 'VERB', 'SPACE', 'ADP']	False	False	0	False	False	False	False	0	3	False	nsubj	False	False
30	37	2	4	1	False	['AUX', 'SPACE', 'VERB', 'SPACE', 'SPACE', 'ADP', 'SPACE', 'SCONJ']	False	False	0	False	False	False	False	0	1	False	dobj	False	False
4	13	2	0	1	False	['ABS', 'INTJ', 'PUNCT', 'SPACE', 'SPACE', 'AUX', 'SPACE', 'DET']	False	False	1	False	False	False	True	0	0	False	nsubj	False	False
29	66	3	4	5	False	['PART', 'SPACE', 'VERB', 'SPACE', 'SPACE', 'ADV', 'PUNCT', 'SPACE']	False	False	0	False	False	False	False	0	19	False	dobj	False	False
29	66	3	4	5	False	['PART', 'SPACE', 'VERB', 'SPACE', 'SPACE', 'ADV', 'PUNCT', 'SPACE']	False	False	0	False	False	False	False	0	19	False	dobj	False	False
8	63	6	1	7	False	['PROPN', 'SPACE', 'VERB', 'SPACE', 'PUNCT', 'SPACE', 'CCONJ', 'SPACE']	False	False	1	False	False	False	False	0	8	False	dobj	False	False
29	46	2	3	3	False	['PRON', 'SPACE', 'VERB', 'SPACE', 'SPACE', 'ADP', 'SPACE', 'ADV']	False	False	0	False	False	False	False	0	1	False	dobj	False	False
29	46	2	3	3	False	['PRON', 'SPACE', 'VERB', 'SPACE', 'SPACE', 'ADP', 'SPACE', 'ADV']	False	False	0	False	False	False	False	0	1	False	dobj	False	False
29	38	2	3	1	False	['ADP', 'SPACE', 'VERB', 'SPACE', 'SPACE', 'ADP', 'SPACE', 'PRON']	False	False	1	False	False	False	True	0	1	False	dobj	False	False
18	48	2	3	3	False	['PUNCT', 'SPACE', 'SCONJ', 'SPACE', 'SPACE', 'VERB', 'SPACE', 'SCONJ']	False	False	0	False	False	False	False	0	9	False	nsubj	False	False
13	27	2	1	2	False	['ADP', 'SPACE', 'VERB', 'SPACE', 'PUNCT', 'SPACE', 'CCONJ', 'SPACE']	False	False	0	False	False	False	False	0	0	False	dobj	False	False
13	27	2	1	2	False	['ADP', 'SPACE', 'VERB', 'SPACE', 'PUNCT', 'SPACE', 'CCONJ', 'SPACE']	False	False	0	False	False	False	False	0	0	False	dobj	False	False
11	46	6	0	4	False	['SPACE', 'NOUN', 'PUNCT', 'SPACE', 'SPACE', 'AUX', 'SPACE', 'ADP']	False	False	0	False	False	False	False	0	3	False	nsubj	False	False
16	21	2	2	0	False	['CCONJ', 'SPACE', 'VERB', 'SPACE', 'SPACE', 'ADV', 'SPACE', 'ADV']	False	False	0	False	False	False	False	0	0	False	dobj	False	False
30	51	1	3	4	False	['PART', 'SPACE', 'VERB', 'SPACE', 'SPACE', 'ADV', 'SPACE', 'SCONJ']	False	False	0	False	False	False	False	0	11	False	dobj	False	False
30	51	1	3	4	False	['PART', 'SPACE', 'VERB', 'SPACE', 'SPACE', 'ADV', 'SPACE', 'SCONJ']	False	False	0	False	False	False	False	0	11	False	dobj	False	False
65	99	4	8	4	False	['AUX', 'SPACE', 'VERB', 'SPACE', 'SPACE', 'ADV', 'PUNCT', 'SPACE']	False	False	0	False	False	False	False	0	6	False	dobj	False	False
65	99	4	8	4	False	['AUX', 'SPACE', 'VERB', 'SPACE', 'SPACE', 'ADV', 'PUNCT', 'SPACE']	False	False	0	False	False	False	False	0	6	False	dobj	False	False
22	31	2	2	1	False	['PUNCT', 'SPACE', 'VERB', 'SPACE', 'SPACE', 'ADP', 'SPACE', 'DET']	False	False	0	False	False	False	False	0	1	False	dobj	False	False
11	58	3	1	3	False	['ADJ', 'SPACE', 'SCONJ', 'SPACE', 'SPACE', 'AUX', 'PUNCT', 'SPACE']	False	False	2	False	False	False	True	0	14	False	nsubj	False	False
25	34	7	0	1	False	['PART', 'SPACE', 'VERB', 'SPACE', 'SPACE', 'ADP', 'SPACE', 'DET']	False	False	0	False	False	False	False	0	1	False	dobj	False	False
1	12	1	0	1	False	['ABS', 'ABS', 'ABS', 'ABS', 'SPACE', 'VERB', 'SPACE', 'DET']	False	False	1	False	False	False	True	0	0	False	nsubj	False	False
1	28	3	0	3	False	['ABS', 'ABS', 'ABS', 'ABS', 'SPACE', 'AUX', 'PUNCT', 'SPACE']	False	False	1	False	False	False	False	0	4	False	nsubj	False	False
13	21	2	2	1	False	['PRON', 'SPACE', 'VERB', 'SPACE', 'SPACE', 'VERB', 'PUNCT', 'SPACE']	False	False	0	False	False	False	False	0	0	False	nsubj	False	False
19	24	1	2	0	False	['NOUN', 'SPACE', 'SCONJ', 'SPACE', 'SPACE', 'AUX', 'SPACE', 'PART']	False	False	0	False	False	False	False	0	0	False	nsubj	False	False
11	40	3	1	4	False	['ADJ', 'SPACE', 'SCONJ', 'SPACE', 'SPACE', 'AUX', 'SPACE', 'PUNCT']	False	False	1	False	False	False	False	0	0	False	nsubj	False	False
1	12	1	0	2	False	['ABS', 'ABS', 'ABS', 'ABS', 'SPACE', 'PRON', 'SPACE', 'VERB']	False	False	0	False	False	False	False	0	5	False	nsubj	False	False
5	6	1	1	0	False	['PRON', 'SPACE', 'VERB', 'SPACE', 'PUNCT', 'ABS', 'ABS', 'ABS']	False	False	0	False	False	False	False	0	0	False	dobj	False	False
21	28	3	3	0	False	['PART', 'SPACE', 'VERB', 'SPACE', 'SPACE', 'ADP', 'SPACE', 'DET']	False	False	1	False	False	False	False	0	1	False	dobj	False	False
13	34	2	2	2	False	['PRON', 'PUNCT', 'SCONJ', 'SPACE', 'SPACE', 'AUX', 'SPACE', 'AUX']	False	False	1	False	False	False	True	0	0	False	nsubj	False	False
